編號,標題,社區,地址,行政區,成交總價(萬),成交單價(萬/坪),樓層,屋齡,建物坪數,車位
1,專任~台大傳家~十興國小/勝利國中學區,,新竹縣竹北市莊敬北路102-150號,竹北市,1660,61.3,5-5/10,21,35.770,有車位/含車位11.140坪
2,竹北西區田園雅邸｜靜謐生活首選｜邊間透天,,新竹縣竹北市聯興三街136巷051-099號,竹北市,1380,26.76,1-4/4,32.3,51.570,有車位
3,專任～台泥商圈幸福大三房華廈~低公設,,新竹縣竹東鎮幸福路48巷002-050號,竹東鎮,1500,33.32,3-3/5,4.5,45.020,有車位
4,湳雅｜大魯閣｜品禾｜金雅｜光華學區大三房美裝平車,,新竹市北區金雅西街123巷001-049號,北區,1778,44.01,6-6/10,5.9,45.600,有車位/含車位8.610坪
5,【專】田字邊間透天住店｜面舊社國小 |大潤發商圈,,新竹市北區金竹路107巷002-050號,北區,2070,47.65,1-2/2,40.1,43.440,無車位
6,上館國小溫馨2+1房,,新竹縣竹東鎮幸福路121巷7號8樓,竹東鎮,500,17.14,8-8/13,30.7,29.180,無車位
7,光復園區套房,,新竹市東區光復路一段002-050號,東區,285,29.5,5-5/7,35.5,9.660,無車位
8,湖口東區-蘭州電梯二房便宜投資美廈,,新竹縣湖口鄉蘭州四街4號2樓,湖口鄉,420,21.52,2-2/5,31.7,19.520,無車位
9,竹北遠百俠隱高樓採光裝潢美屋,,新竹縣竹北市莊敬六街001-049號,竹北市,826,65.97,10-10/15,20.4,12.520,無車位
10,陽明采邑:新科國中，竹科旁稀有三房,,新竹市東區光復路一段051-099號,東區,920,30.7,7-7/12,32.3,29.970,無車位
11,中華大學3投套no32,,新竹市香山區柯湳一街80巷002-050號,香山區,315,17.89,3-3/5,24.9,17.610,無車位
12,市中心近遠百【亦樂靜居】超美二房加車位,,新竹市北區中山路101-149號,北區,1450,50.19,7-7/11,10.3,30.060,有車位/含車位4.160坪
13,新竹市透天,,新竹市北區大同路184巷002-050號,北區,780,35.28,1-2/2,86.7,22.110,無車位
14,專任椰城高樓採光明亮大三房平面車位緊鄰新科,,新竹市東區光復路一段89巷101-149號,東區,1646,37.6,11-11/14,27.2,43.780,有車位
15,群新墨客稀有高鐵三房採光視野佳平車,,新竹縣竹北市隘口一街202-250號,竹北市,2750,64.74,6-6/12,9.9,52.240,有車位/含車位12.080坪
16,專任 竹東自強學區【大樣臻美】美妝透天,,新竹縣竹東鎮北興路三段051-099號,竹東鎮,2400,47.09,-1-4/4,1.3,50.970,有車位
17,近園區富宇居易首購大三房+平面車位,,新竹縣寶山鄉雙豐二街102-150號,寶山鄉,1850,42.32,4-4/7,9.5,49.760,有車位/含車位8.890坪
18,專任《自由曲線》超值三房平車｜近全聯、便利商店,,新竹市東區埔頂三路101-149號,東區,2190,55.64,13-13/14,14.9,42.690,有車位/含車位6.030坪
19,芎林【大矽谷名人山莊】6房空中花園百坪雙併別墅,,新竹縣芎林鄉三民路002-050號,芎林鄉,2000,17.16,1-4/4,33.1,116.540,無車位
20,專任|環球市稀有東南向外棟景觀四室B1大車位,,新竹縣竹東鎮光明路126巷051-099號,竹東鎮,1838,38.31,3-3/14,11,52.730,有車位/含車位8.670坪
21,【本家芥子社區】質感裝潢電梯別墅,,新竹縣竹北市新興路52巷002-050號,竹北市,3100,39.16,1-4/4,5.4,79.170,有車位
22,原美館綠園道精巧美裝1+1房小資女的家,,新竹縣竹北市六家一路一段102-150號,竹北市,1300,54.37,2-2/15,14.7,31.570,有車位/含車位9.870坪
23,（專）遠百挑高辦公室,豐采520,新竹縣竹北市勝利二路【豐采520】B26棟15樓,竹北市,1260,60.31,15-15/25,未提供,26.900,有車位/含車位8.000坪
24,芎林馥御文昌2+1房兩衛B2,,新竹縣芎林鄉文昌街052-100號,芎林鄉,1158,50.06,2-2/10,2.2,23.130,有車位
25,專任新鮮貨【竹光公道三近學區翻修過透天】,,新竹市北區竹光路95巷4弄002-050號,北區,1515,60.02,1-3/3,54.2,25.240,無車位
26,高鐵區富宇君天下綠景大三房,,新竹縣竹北市東興路一段352-400號,竹北市,3188,66.49,5-5/14,9.8,54.390,有車位/含車位8.700坪
27,潘朵拉~東區精華小宅~首購族首選,,新竹市東區光復路二段651-699號,東區,475,46.75,9-9/10,19.9,10.160,無車位
28,虎林國中臨路傳家賺錢店面 l 無土地無保證,,新竹市香山區延平路二段001-049號,香山區,138,17.34,1-1/1,未提供,7.960,無車位
29,專任｜竹東美之城長春商圈稀有獨立車庫透天,,新竹縣竹東鎮忠孝街132巷002-050號,竹東鎮,538,19.36,1-3/3,未提供,27.790,無車位
30,湖口後站幸福2房+平面車位-景觀視野戶大樓,,新竹縣湖口鄉明德街051-099號,湖口鄉,995,29.65,11-11/14,5.5,33.560,有車位
31,新豐鄉稀有透天｜田野清幽車庫採光宅 祥雲山莊,,新竹縣新豐鄉崁頭002-050號,新豐鄉,610,11.26,1-4/4,30.5,54.190,無車位
32,春福大雋A1-9F 黃金視野三房(雙平車),春福大雋,新竹市北區北大路【春福大雋】,北區,2876,58.63,9-9/27,未提供,67.140,有車位/含車位25.080坪
33,專任竹北成功學區太睿觀外棟採光四房雙平車位,,新竹縣竹北市成功十一街102-150號,竹北市,3080,69.1,3-3/14,15.2,71.060,有車位/含車位20.410坪
34,專任龍山文化大鎮免整理美美2+1房,,新竹市東區埔頂路101-149號,東區,1208,39.4,3-3/7,30.3,30.660,無車位
35,民富國小2+1房公寓3樓戶,,新竹市北區少年街051-099號,北區,530,23.71,3-3/4,39.8,22.350,無車位
36,清華附小學區｜邊間三面採光美寓,,新竹市北區四維路21巷001-049號,北區,420,18.53,4-4/5,47,22.670,無車位
37,無限綠景【日光富御】全新未入住三房車位,,新竹縣竹北市中正西路002-050號,竹北市,1666,47.62,5-5/12,0.9,43.250,有車位/含車位11.420坪
38,新竹市區面公園大套房大陽台附平車,,新竹市北區演藝路001-049號,北區,799,35.34,6-6/8,30,22.610,有車位
39,環球市|甜甜超值戶|送百萬裝潢+B1平車,,新竹縣竹東鎮光明路126巷87弄001-049號,竹東鎮,1600,39.35,8-8/14,11,45.510,有車位/含車位8.670坪
40,竹東麥當勞熱鬧商圈4房有車位透天,,新竹縣竹東鎮忠孝街71巷052-100號,竹東鎮,1000,17.76,1-5/5,30.5,56.310,有車位
41,竹東專任【東方新都二】竹東車站前美兩房美屋,,新竹縣竹東鎮北興路二段11巷11號6樓,竹東鎮,480,22.49,6-6/8,30.8,21.340,無車位
42,逸和緣｜邊間｜屋齡新｜超美大三房,,新竹市香山區中山路602-650號,香山區,1250,36.2,3-3/5,6.7,34.530,無車位
43,近園區煙波儷舍三房車位綠景社區低總價優質生活,,新竹市東區柴橋路59巷051-099號,東區,916,26.87,8-8/11,30.5,31.640,有車位/含車位1.280坪
44,<東方明珠>關埔好市多商圈高質感大兩房+兩衛,,新竹市東區慈雲路051-099號,東區,2600,66.63,19-19/27,9.6,46.770,有車位/含車位10.000坪
45,金雅重劃【悅佳川青】採光二房+平車創意宅,,新竹市北區金雅八街052-100號,北區,1530,55.06,2-2/12,2.1,34.930,有車位/含車位9.870坪
46,<富宇明星樂>低總價三房+車位購族首選,,新竹縣新豐鄉明新十街002-050號,新豐鄉,1300,41.94,2-2/9,1.7,36.720,有車位/含車位10.020坪
47,近竹北高鐵35坪大地坪邊間超值透天,,新竹縣芎林鄉三民路251-299號,芎林鄉,638,14.9,1-2/2,未提供,42.830,無車位
48,牛埔透天,,新竹市新竹市和平段,新竹市,1280,0,,未提供,,無車位
49,宏家凱悅明亮美美三房平車,,新竹市北區延平路三段667巷6號7樓,北區,745,19.45,7-7/7,31.3,38.300,有車位
50,千甲車站【天綸MIX】輕屋齡典雅三房平車,,新竹市東區溪州路102-150號,東區,1888,43.89,3-3/9,2.6,43.020,有車位
51,世界大同次頂樓明亮4改3房平車,,新竹縣竹東鎮世界街71巷001-049號,竹東鎮,715,20.6,7-7/8,28.8,38.330,有車位/含車位8.480坪
