週期,縣市,編號,標題,社區,地址,行政區,成交總價(萬),成交單價(萬/坪),樓層,屋齡,建物坪數,車位
2026-01-13_01-19,新竹縣,1,新豐松林國小一樓便宜投資美公寓,,新竹縣新豐鄉康樂路一段200巷22弄,新豐鄉,405,19.7,1-1/4,41.9,20.560,無車位
2026-01-13_01-19,新竹縣,2,俠隱築科,,新竹縣竹北市莊敬六街11號11樓之2,竹北市,1589,53.33,11-11/15,20.4,36.880,有車位/含車位9.900坪
2026-01-13_01-19,新竹縣,3,站前學府【文匯館】,,新竹縣新豐鄉學府街72巷002-050號,新豐鄉,980,37.93,2-2/7,8.1,25.840,有車位
2026-01-13_01-19,新竹市,4,知愛雅舍,,新竹市東區埔頂路,東區,1750,36.72,5-5/5,22.3,47.660,有車位
2026-01-13_01-19,新竹縣,5,國賓大悅,,新竹縣竹北市勝利八街一段201-249號,竹北市,1790,56.1,26-26/27,9.8,38.250,有車位/含車位9.020坪
2026-01-13_01-19,新竹縣,6,(專任)好日子農舍,,新竹縣湖口鄉千禧路98巷,湖口鄉,2550,33.49,1-2/2,26.4,76.150,無車位
2026-01-13_01-19,新竹縣,7,放翁清境稀有獨棟別墅,,新竹縣竹東鎮學府東路352-400號,竹東鎮,3890,28.86,-1-4/4,19.3,134.780,有車位
2026-01-13_01-19,新竹市,8,笎坤世璽,,新竹市北區中清路一段,北區,1388,29.47,3-3/7,7,47.100,有車位
2026-01-13_01-19,新竹縣,9,錦永青耘,,新竹縣新豐鄉明新街,新豐鄉,1395,39.05,2-2/5,1.5,35.720,有車位
2026-01-13_01-19,新竹縣,10,(專任)遠百「豐采520」,,新竹縣竹北市勝利一路B23棟15樓,竹北市,1100,48.99,15-15/25,未提供,26.370,有車位/含車位8.000坪
2026-01-13_01-19,新竹縣,11,仁發富悅,,新竹縣竹北市十興路二段102-150號,竹北市,2650,61.48,12-12/14,6.5,50.910,有車位/含車位11.060坪
2026-01-13_01-19,新竹市,12,專任【新竹之昇】C5棟,,新竹市東區食品路11樓,東區,3300,60.1,11-11/30,未提供,64.320,有車位/含車位18.730坪
2026-01-13_01-19,新竹縣,13,專任【春福東綻】,,新竹縣竹東鎮北興路三段,竹東鎮,1668,42.89,14-14/15,2.5,41.930,有車位/含車位6.540坪
2026-01-13_01-19,新竹縣,14,仁發喜悅,,新竹縣竹北市日興一街,竹北市,1590,62.78,5-5/14,4.8,33.230,有車位/含車位11.090坪
2026-01-13_01-19,新竹縣,15,【市政首璽】,,新竹縣新埔鎮福德街401-449號,新埔鎮,1380,42.45,13-13/15,2.8,38.630,有車位/含車位9.660坪
2026-01-13_01-19,新竹市,16,中榮大樓~光榮世家,,新竹市東區光復路一段373號7樓之5,東區,1020,49.9,7-7/14,24.6,20.440,無車位
2026-01-13_01-19,新竹縣,17,《專任》星都匯C區,,新竹縣竹東鎮旭光一路202-250號,竹東鎮,1735,36.49,7-7/14,1.2,47.550,有車位
2026-01-13_01-19,新竹縣,18,專任富來新苑,,新竹縣湖口鄉德和路10巷60弄001-049號,湖口鄉,1280,25.3,8-8/13,0.8,50.590,有車位
2026-01-13_01-19,新竹縣,19,專任『微風名園』,,新竹縣新埔鎮福德街,新埔鎮,1360,33.34,4-4/14,6.3,46.420,有車位/含車位10.130坪
2026-01-13_01-19,新竹縣,20,【竹北中華路】碧友富貴金店面,,新竹縣竹北市中華路851-899號,竹北市,1250,70.58,1-1/10,12.2,17.710,無車位
2026-01-13_01-19,新竹市,21,野村賞持,,新竹市北區境福街002-050號,北區,1550,32,2-2/7,13.7,48.780,有車位/含車位5.040坪
2026-01-13_01-19,新竹市,22,春福江山,,新竹市東區明湖路1050巷,東區,538,24.29,5-5/5,31.4,22.150,無車位
2026-01-13_01-19,新竹縣,23,元邦大國,,新竹縣竹東鎮自由街120巷,竹東鎮,680,23.78,3-3/11,29.3,28.600,無車位
2026-01-13_01-19,新竹縣,24,竹東中豐路低總價透天,,新竹縣竹東鎮中豐路二段155巷1弄,竹東鎮,720,23.83,1-2/2,未提供,30.210,無車位
2026-01-13_01-19,新竹縣,25,專任五豐八莊透天,,新竹縣竹東鎮五豐八莊,竹東鎮,315,8.92,1-3/3,47.3,35.310,無車位
2026-01-13_01-19,新竹縣,26,稀有釋出!竹東【春城一期】,,新竹縣竹東鎮東榮路151巷,竹東鎮,1550,22.43,1-4/4,13.9,69.110,有車位
2026-01-13_01-19,新竹縣,27,【湖口市區】品苑電梯華廈,,新竹縣湖口鄉光明街001-049號,湖口鄉,1168,27.96,5-5/5,8.3,41.780,有車位
2026-01-13_01-19,新竹市,28,巨城三民｜大空間三房美寓,,新竹市東區民主路57巷5弄001-049號,東區,670,24.22,2-2/4,47.8,27.660,無車位
2026-01-13_01-19,新竹縣,29,【玫瑰華城】,,新竹縣湖口鄉德興路242巷,湖口鄉,500,19.58,2-2/6,31.3,25.530,無車位
2026-01-13_01-19,新竹縣,30,賺錢明星,,新竹縣新豐鄉康樂路一段361巷34弄,新豐鄉,738,19.96,3-3/7,17.2,36.980,無車位
2026-01-13_01-19,新竹市,31,新竹之昇B5棟,,新竹市東區食品路6樓,東區,3430,64.67,6-6/30,未提供,68.830,有車位/含車位18.730坪
2026-01-13_01-19,新竹市,32,巨城5分．春福君邸,,新竹市北區仁德街,北區,3360,47.63,4-4/15,12,75.410,有車位/含車位8.020坪
2026-01-13_01-19,新竹市,33,磐龍16米大面寬店面,,新竹市東區中央路101-149號,東區,9800,79.87,1-1/23,7.4,122.700,有車位
2026-01-13_01-19,新竹市,34,惠宇天晴,,新竹市東區埔頂一路151-199號,東區,3588,68.95,6-6/17,11.7,58.860,有車位/含車位9.000坪
2026-01-13_01-19,新竹市,35,悠行館,,新竹市香山區中華路五段752-800號,香山區,1300,31.58,5-5/13,1.7,46.730,有車位/含車位10.320坪
2026-01-13_01-19,新竹市,36,南寮獨棟大面寬透天,,新竹市北區嘉濱路12巷001-049號,北區,1460,22.85,1-3/3,26.5,63.900,無車位
2026-01-13_01-19,新竹市,37,敦煌,,新竹市東區中央路152-200號,東區,3600,39.66,22-22/29,18.4,90.770,有車位
2026-01-13_01-19,新竹市,38,專任新竹富春居,,新竹市東區埔頂一路,東區,1538,66.53,15-15/21,5.9,33.930,有車位/含車位13.070坪
2026-01-13_01-19,新竹縣,39,美！元邦大國樣品採光3房,,新竹縣竹東鎮自由街120巷5號8樓之1,竹東鎮,830,28.41,8-8/11,29.3,29.220,有車位
2026-01-13_01-19,新竹縣,40,專任!【春福上河】,,新竹縣竹北市社崙二街002-050號,竹北市,2780,46.59,12-12/15,4.8,77.500,有車位/含車位24.270坪
2026-01-13_01-19,新竹市,41,【國泰禾3房】,,新竹市東區介壽路001-049號,東區,2650,81.06,5-5/22,5.5,41.340,有車位/含車位10.870坪
2026-01-13_01-19,新竹縣,42,專任｜勝利首席,,新竹縣竹北市勝利八街一段301-349號,竹北市,2740,65.1,11-11/14,8.4,47.880,有車位/含車位8.100坪
2026-01-13_01-19,新竹縣,43,和興鎮 3+1房,,新竹縣湖口鄉德和路76巷46弄20號5樓,湖口鄉,650,14.38,5-5/5,25.3,45.190,有車位
2026-01-13_01-19,新竹縣,44,專任河岸景觀青川之上,,新竹縣竹北市興隆路一段523號14樓,竹北市,5500,55.4,14-14/24,12.9,120.450,有車位/含車位29.300坪
2026-01-13_01-19,新竹縣,45,獨家/竹北/台裕竹北城,,新竹縣竹北市中華路405巷11弄,竹北市,655,27.97,1-1/8,32.5,23.420,有車位
2026-01-13_01-19,新竹縣,46,專任【富宇雲極】,,新竹縣竹北市勝利八街二段101-149號,竹北市,3110,62.27,12-12/23,9.5,56.570,有車位/含車位9.040坪
2026-01-13_01-19,新竹市,47,長和街美套房,,新竹市北區長和街20巷3號2樓,北區,200,14.61,2-2/5,31.6,13.690,無車位
2026-01-13_01-19,新竹市,48,帝王庭園2,,新竹市東區長春街158巷1弄,東區,1350,37.76,4-4/5,35.3,45.340,有車位/含車位12.240坪
2026-01-13_01-19,新竹縣,49,竹北阿信邊間三房,,新竹縣竹北市新民街326巷,竹北市,900,27.57,3-3/7,30.2,32.650,有車位
2026-01-13_01-19,新竹縣,50,京御苑 3房,新業京御苑,新竹縣竹北市光明六路【新業京御苑】E棟5樓,竹北市,2288,57.52,5-5/26,未提供,37.690,有車位/含車位9.200坪
2026-01-13_01-19,新竹縣,51,竹東高中｜大地坪透店Ｂ,,新竹縣竹東鎮東寧路二段172號,竹東鎮,1213,16.01,-1-3/3,69.8,75.750,有車位
2026-01-13_01-19,新竹縣,52,華固富廣Vision,,新竹縣竹北市福興東路一段,竹北市,3760,38.76,4-4/15,20.3,97.000,有車位
2026-01-13_01-19,新竹縣,53,興希望溫馨裝潢兩房,,新竹縣竹北市北新一街,竹北市,1752,54.67,17-17/24,6.9,37.820,有車位/含車位8.520坪
2026-01-13_01-19,新竹縣,54,專任！！橫山沙坑美透天,,新竹縣橫山鄉沙坑街24號,橫山鄉,265,14.29,1-1/1,46.3,18.550,無車位
2026-01-13_01-19,新竹市,55,煙波行館 3房+車位,,新竹市北區天府路一段501-549號,北區,940,25.71,8-8/14,17.8,38.010,有車位/含車位5.350坪
2026-01-13_01-19,新竹縣,56,竹東高中｜大地坪透店A,,新竹縣竹東鎮東寧路二段170號,竹東鎮,1287,15.82,-1-3/3,70,81.330,有車位
2026-01-13_01-19,新竹縣,57,竹北華興｜力天品儒,,新竹縣竹北市新光街051-099號,竹北市,2160,50.21,6-6/10,2,50.600,有車位/含車位10.970坪
2026-01-13_01-19,新竹縣,58,新豐煙波假期透天,,新竹縣新豐鄉康和路156巷002-050號,新豐鄉,1280,30.65,1-3/3,22.7,41.760,無車位
2026-01-13_01-19,新竹市,59,湳雅光華三房美寓,,新竹市北區水田街196巷4號4樓,北區,412,19.26,4-4/4,未提供,21.390,無車位
2026-01-13_01-19,新竹市,60,磐龍3 武陵居,,新竹市北區鐵道路二段351-399號,北區,1650,51.82,16-16/23,3.5,37.850,有車位/含車位9.870坪
2026-01-13_01-19,新竹縣,61,科學園區旁漂亮3房,,新竹縣寶山鄉明湖路,寶山鄉,850,27.35,7-7/7,32.5,31.080,無車位
2026-01-13_01-19,新竹市,62,竹科悅揚美兩房,,新竹市東區埔頂二路052-100號,東區,1900,70.47,13-13/24,5.2,33.160,有車位/含車位8.330坪
2026-01-13_01-19,新竹縣,63,新豐【煙波海宴】,,新竹縣新豐鄉明新街426巷001-049號,新豐鄉,1070,27.83,5-5/6,21.3,38.450,無車位
2026-01-13_01-19,新竹縣,64,昌益里仁唯美,,新竹縣竹北市成功三路150號9樓,竹北市,2335,47.44,9-9/10,21.2,49.220,有車位
2026-01-13_01-19,新竹市,65,快樂頌-錢進時代,,新竹市香山區中華路四段705-9號6樓,香山區,195,23.78,6-6/6,18.7,8.200,無車位
2026-01-13_01-19,新竹縣,66,縣三巨人,,新竹縣竹北市勝利十一路252-300號,竹北市,1600,59.59,23-23/23,9.4,33.420,有車位/含車位9.090坪
2026-01-13_01-19,新竹市,67,森林首席E棟,,新竹市北區武陵路,北區,2450,53.18,3-3/14,未提供,51.720,有車位/含車位9.700坪
2026-01-13_01-19,新竹縣,68,「青年城」美透天,,新竹縣竹東鎮北興路二段196巷001-049號,竹東鎮,2050,36.8,1-4/4,12,55.710,無車位
2026-01-13_01-19,新竹縣,69,高鐵特區｜遠雄鉑悅,,新竹縣竹北市嘉豐北路16號22樓,竹北市,1580,79.82,22-22/23,6.4,24.220,有車位/含車位5.430坪
2026-01-13_01-19,新竹市,70,虎林國中3房平車,,新竹市香山區虎林街107巷18弄001-049號,香山區,505,15.55,4-4/5,31.3,32.470,有車位
2026-01-13_01-19,新竹縣,71,東方新都NO6,,新竹縣竹東鎮光武街81巷002-050號,竹東鎮,500,11.92,3-4/6,28.8,41.960,有車位
2026-01-13_01-19,新竹市,72,經國艷,,新竹市北區經國路二段151-199號,北區,760,52.63,10-10/11,17.4,16.950,有車位/含車位4.030坪
2026-01-20_01-26,新竹縣,1,專任星都心(住宅)景觀3房9樓+平面車位,,新竹縣竹東鎮光明路188巷002-050號,竹東鎮,1780,38.86,9-9/14,7.1,45.810,有車位
2026-01-20_01-26,新竹市,2,金雅公園旁3房+平面車位~美屋況,,新竹市北區金雅路133巷8弄002-050號,北區,900,26.81,3-3/5,31.8,33.570,有車位
2026-01-20_01-26,新竹市,3,獨家武陵湳雅大魯閣全新整理美三房,,新竹市北區湳雅街126巷21弄002-050號,北區,795,29.65,2-2/5,未提供,26.810,無車位
2026-01-20_01-26,新竹市,4,中華大學套房NO：101,,新竹市香山區至善街37巷40號,香山區,200,22.55,1-1/5,28.7,8.870,無車位
2026-01-20_01-26,新竹市,5,大全聯/大魯閣商圈-荷蘭村C區大棟距三房樹海戶,,新竹市北區武陵路175巷001-049號,北區,1050,29.86,6-6/21,27.7,35.160,無車位
2026-01-20_01-26,新竹市,6,竹科大門口｜高檔貨國泰禾朝南高樓視野戶,,新竹市東區介壽路001-049號,東區,2960,77.02,17-17/22,5.5,47.350,有車位/含車位10.870坪
2026-01-20_01-26,新竹市,7,市區巨城曙光綠園道公園精美3房健身宅,,新竹市東區北大路92巷40弄001-049號,東區,709,23.35,5-5/5,41.4,30.360,無車位
2026-01-20_01-26,新竹縣,8,專任縣三山璞翰林富苑近AI園區高樓層3房平車,,新竹縣竹北市莊敬三路201-249號,竹北市,3150,61.28,19-19/27,10.4,59.670,有車位/含車位10.720坪
2026-01-20_01-26,新竹市,9,近園區_生活大賞質感美2房,,新竹市東區明湖路1050巷252-300號,東區,708,30.76,4-4/9,28.7,23.020,無車位
2026-01-20_01-26,新竹縣,10,專任合石一緒．大兩房．溫柔陽光舒適舒心,,新竹縣竹北市勝利十五街256號14樓之1,竹北市,2568,61.73,14-14/14,5.4,41.600,有車位
2026-01-20_01-26,新竹縣,11,新鮮貨專任文鼎大苑高樓朝南視野戶雙平車,,新竹縣竹北市勝利八街一段201-249號,竹北市,3980,54.61,15-15/19,12.8,89.240,有車位/含車位21.860坪
2026-01-20_01-26,新竹市,12,新竹悠行館低樓層大露台絕美美3房平車,,新竹市香山區中華路五段752-800號,香山區,1250,26.52,2-2/13,1.7,47.130,有車位
2026-01-20_01-26,新竹市,13,新竹之昇八大學區朝南視野大三房,新竹之昇,新竹市東區食品路【新竹之昇】B3棟20樓,東區,3400,64.34,20-20/30,未提供,59.870,有車位/含車位9.370坪
2026-01-20_01-26,新竹市,14,獨家『四季悅舍』北區經國路二段溫馨小豪宅,,新竹市北區經國路二段160號6樓之26,北區,620,47.88,6-6/10,17.7,12.950,無車位
2026-01-20_01-26,新竹市,15,市中心美套房,,新竹市北區林森路73號10樓之2,北區,310,43.66,10-10/12,37.2,7.100,無車位
2026-01-20_01-26,新竹市,16,牛津生活｜頂埔國小三房附車位《結構生活的新起點》,,新竹市香山區頂埔路22巷001-049號,香山區,810,24.15,3-3/10,30.8,33.540,有車位
2026-01-20_01-26,新竹縣,17,專任!高鐵公園首排【哈洛德】東興學區/全機能地段,,新竹縣竹北市復興三路二段102-150號,竹北市,3920,58.86,11-11/23,11.5,66.600,有車位
2026-01-20_01-26,新竹縣,18,京璽社區型邊間美透天附兩個平面車位,,新竹縣竹北市鳳岡路二段316巷108弄002-050號,竹北市,1580,35.06,1-4/4,5.6,45.070,有車位
2026-01-20_01-26,新竹市,19,專任八大學區SRC-新竹之昇主30雙車,新竹之昇,新竹市東區食品路【新竹之昇】B3棟17樓,東區,3460,63.55,17-17/30,未提供,69.240,有車位/含車位18.730坪
2026-01-20_01-26,新竹市,20,師院邊間別墅店面,,新竹市東區振興路102-150號,東區,2550,32.97,1-5/5,10.9,77.350,有車位
2026-01-20_01-26,新竹縣,21,專任-高鐵歌德堡次頂樓大三房B1雙車,,新竹縣竹北市嘉豐三街002-050號,竹北市,2580,47.24,10-10/11,19,65.410,有車位/含車位17.150坪
2026-01-20_01-26,新竹縣,22,【專任】華興商圈超值活巷透天,,新竹縣竹北市華興街86巷001-049號,竹北市,1130,43.1,1-2/2,未提供,26.220,無車位
2026-01-20_01-26,新竹縣,23,大觀自若水岸景觀豪宅,,新竹縣竹北市興隆路三段151-199號,竹北市,8000,42.09,18-18/26,10.3,190.070,有車位
2026-01-20_01-26,新竹縣,24,【專任】湖口理享城兩房+平面車位,,新竹縣湖口鄉德和路10巷051-099號,湖口鄉,780,25.67,7-7/11,1,33.270,有車位/含車位6.790坪
2026-01-20_01-26,新竹縣,25,大囍宴中崙兩房華廈,,新竹縣新豐鄉中崙301-349號,新豐鄉,400,17.51,1-1/7,28.7,22.850,無車位
2026-01-20_01-26,新竹市,26,建林新竹之昇SRC近東園小學大三房雙車位,新竹之昇,新竹市東區食品路【新竹之昇】C3棟5樓,東區,3105,61.15,5-5/30,未提供,66.230,有車位/含車位18.730坪
2026-01-20_01-26,新竹市,27,繁華的地段，擁有舒服的自由空間世界島大四房雙車位,,新竹市東區崇和路001-049號,東區,3960,47.82,2-2/23,11.2,82.810,有車位
2026-01-20_01-26,新竹縣,28,近園區工研院環球市3改2美裝潢平車,,新竹縣竹東鎮光明路126巷87弄002-050號,竹東鎮,1540,36.57,13-13/14,11,46.670,有車位/含車位8.670坪
2026-01-20_01-26,新竹縣,29,【椰林大道】東興學區 朝東南大四房連號雙平車,,新竹縣竹北市嘉豐南路二段152-200號,竹北市,3606,56.29,10-10/12,18.4,72.460,有車位/含車位13.730坪
2026-01-20_01-26,新竹市,30,南寮榮濱｜大面寬田型邊間透天《屋況讚！有孝親房》,,新竹市北區榮濱路48巷12弄002-050號,北區,1060,29.59,1-3/3,46.7,35.820,無車位
2026-01-20_01-26,新竹縣,31,近竹北高鐵【那山1】芎林金獅重劃區•社區型美透天,,新竹縣芎林鄉金獅三街5巷002-050號,芎林鄉,2150,40.66,1-5/5,3,52.880,無車位
2026-01-20_01-26,新竹市,32,【專】高峰路活巷大面寬透天近清大科學園區需整理,,新竹市東區高峰路386巷71弄16號,東區,720,42.55,1-1/1,47.7,16.920,無車位
2026-01-20_01-26,新竹市,33,四季悅舍｜高樓視野魔術大空間美室,,新竹市北區經國路二段152-200號,北區,980,34.76,9-9/10,17.7,28.190,無車位
2026-01-20_01-26,新竹縣,34,獨家～竹東【煙波VOHA】無限視野3改2房+平車,,新竹縣竹東鎮北興路二段251-299號,竹東鎮,1700,40.63,13-13/13,8.1,47.780,有車位/含車位9.640坪
2026-01-20_01-26,新竹市,35,近園區24小時警衛管理2+1房附平面車位,,新竹市東區明湖路1050巷002-050號,東區,780,21.31,3-3/5,32.5,36.600,有車位
2026-01-20_01-26,新竹市,36,專任新竹市自由大道4房平車 近親子館運動館,,新竹市香山區中華路四段252-300號,香山區,1760,32.99,2-2/12,10.9,59.080,有車位/含車位10.280坪
2026-01-20_01-26,新竹市,37,巨城百貨｜全新整理大三房美寓《新竹女中走路上課》,,新竹市東區民權路96巷002-050號,東區,810,26.74,4-4/5,37.5,30.290,無車位
2026-01-20_01-26,新竹市,38,地點超棒～光復國宅視野戶,,新竹市東區建新路052-100號,東區,1788,42.26,13-13/15,28.4,42.310,有車位
2026-01-20_01-26,新竹縣,39,竹北縣政十八全新整理大透天,,新竹縣竹北市縣政十八街052-100號,竹北市,1688,41.68,1-2/2,30.8,40.500,無車位
2026-01-20_01-26,新竹縣,40,專任~竹東麥當勞商圈｜長春路四大房透天,,新竹縣竹東鎮長春路三段336巷002-050號,竹東鎮,1050,19.47,1-3/3,38.8,53.920,有車位
2026-01-20_01-26,新竹市,41,麗法苑｜三面採光｜溫馨美三房,,新竹市東區經國路一段398巷1弄001-049號,東區,1300,42.71,8-8/8,未提供,34.920,有車位/含車位8.000坪
2026-01-20_01-26,新竹縣,42,水岸之最｜水墨白千萬裝潢樓中樓極美宅+五車｜,,新竹縣竹北市興隆路五段151-199號,竹北市,6700,50.21,21-22/22,16.2,172.260,有車位/含車位50.790坪
2026-01-20_01-26,新竹縣,43,新豐雙學區行政中心超大面寬邊間整棟電梯透天,,新竹縣新豐鄉復興街002-050號,新豐鄉,2050,21.7,1-4/4,17.8,94.450,無車位
2026-01-20_01-26,新竹縣,44,王爺壟旁晴空宅｜稀有2房車位,,新竹縣湖口鄉信興路350巷002-050號,湖口鄉,810,24.24,2-2/7,3.7,35.360,有車位/含車位6.080坪
2026-01-20_01-26,新竹縣,45,專任-綠光森林17社區管理雙車美透天,,新竹縣竹北市聯興三街136巷51弄102-150號,竹北市,2020,28.54,1-4/4,10.7,70.780,有車位
2026-01-20_01-26,新竹縣,46,沐朝陽3+1房｜邊間三面採光視野戶+B1雙平車,,新竹縣竹東鎮朝陽路102-150號,竹東鎮,2184,42.74,14-14/15,1.4,61.220,有車位/含車位17.140坪
2026-01-20_01-26,新竹市,47,獨家專任市區全新聚吉第溫馨三房美宅,,新竹市北區中華路三段49號2樓之1,北區,2080,44.91,2-2/15,0.6,50.230,有車位/含車位8.710坪
2026-01-20_01-26,新竹縣,48,【合新詠遇】全新高鐵走路4分鐘外棟邊間3房+平車,,新竹縣竹北市光明六路東二段651-699號,竹北市,2858,68.39,13-13/15,0.9,47.480,有車位/含車位9.130坪
2026-01-20_01-26,新竹市,49,低於實登！專任【煙波主人】溫馨美妝大套房（二）,,新竹市東區明湖路751號地下室4層之30,東區,400,26.21,-4--4/3,21.1,15.260,無車位
2026-01-20_01-26,新竹市,50,城隍廟商圈/棒球場.北門新市場旁金透店,,新竹市北區仁德街052-100號,北區,1398,58.03,1-4/4,57.1,24.090,無車位
2026-01-20_01-26,新竹縣,51,芎林馥御文昌2+1房兩衛B4,,新竹縣芎林鄉文昌街052-100號,芎林鄉,1156,49.98,4-4/10,2.2,23.130,無車位
2026-01-20_01-26,新竹縣,52,星都匯A區採光3+1室配B1平車,,新竹縣竹東鎮旭光一路101-149號,竹東鎮,1868,43.58,5-5/14,2.5,48.890,有車位/含車位9.470坪
2026-01-20_01-26,新竹縣,53,專任縣府｜新業京御苑｜首購大兩房雙衛浴+平車,新業京御苑,新竹縣竹北市光明六路【新業京御苑】F棟10樓,竹北市,2200,61.72,10-10/26,未提供,42.900,有車位/含車位9.200坪
2026-01-20_01-26,新竹市,54,專市中心稀有陽台車位戶15坪美套房SOGO123,,新竹市北區中華路三段002-050號,北區,680,29.37,5-5/14,26,23.150,有車位
2026-01-20_01-26,新竹縣,55,成功學區{凡爾賽花園}翻新美透天獨立車庫,,新竹縣竹北市縣政三街11巷001-049號,竹北市,2550,30.32,1-4/4,31.3,84.090,無車位
2026-01-20_01-26,新竹市,56,美學苑｜質感品味三房附平車《中高樓層、遼闊視野》,,新竹市北區經國路二段501-549號,北區,1620,38.29,7-7/13,19.3,42.310,有車位
2026-01-20_01-26,新竹市,57,新竹經國路商業區雙臨路邊間住店賺錢透天,,新竹市北區經國路二段201-249號,北區,3500,25.74,1-4/4,未提供,135.980,無車位
2026-01-20_01-26,新竹縣,58,超低價信義街華廈,,新竹縣湖口鄉信義街001-049號,湖口鄉,315,14,4-4/7,33.1,22.500,無車位
2026-01-20_01-26,新竹市,59,專任春福大地低總價旺財2+1房,,新竹市東區明湖路1050巷001-049號,東區,578,20.37,1-1/5,32.8,28.370,無車位
2026-01-20_01-26,新竹市,60,『瑞典綠洲』竹科Ｘ計劃東園培英『大三房平車』,,新竹市東區東新路118號14樓,東區,2564,65.43,14-14/15,5.5,47.940,有車位/含車位11.050坪
2026-01-20_01-26,新竹縣,61,竹北台大商務套房高樓景觀戶,,新竹縣竹北市勝利六街052-100號,竹北市,538,50.05,10-10/10,22.1,10.750,無車位
2026-01-20_01-26,新竹市,62,巨城民生｜低總價全新兩房美廈《三民學區走路上課》,,新竹市東區民生路10巷17弄002-050號,東區,912,51.88,1-1/4,1.2,17.580,無車位
2026-01-27_02-02,新竹縣,1,專任~台大傳家~十興國小/勝利國中學區,,新竹縣竹北市莊敬北路102-150號,竹北市,1660,61.3,5-5/10,21,35.770,有車位/含車位11.140坪
2026-01-27_02-02,新竹縣,2,竹北西區田園雅邸｜靜謐生活首選｜邊間透天,,新竹縣竹北市聯興三街136巷051-099號,竹北市,1380,26.76,1-4/4,32.3,51.570,有車位
2026-01-27_02-02,新竹縣,3,專任～台泥商圈幸福大三房華廈~低公設,,新竹縣竹東鎮幸福路48巷002-050號,竹東鎮,1500,33.32,3-3/5,4.5,45.020,有車位
2026-01-27_02-02,新竹市,4,湳雅｜大魯閣｜品禾｜金雅｜光華學區大三房美裝平車,,新竹市北區金雅西街123巷001-049號,北區,1778,44.01,6-6/10,5.9,45.600,有車位/含車位8.610坪
2026-01-27_02-02,新竹市,5,【專】田字邊間透天住店｜面舊社國小 |大潤發商圈,,新竹市北區金竹路107巷002-050號,北區,2070,47.65,1-2/2,40.1,43.440,無車位
2026-01-27_02-02,新竹縣,6,上館國小溫馨2+1房,,新竹縣竹東鎮幸福路121巷7號8樓,竹東鎮,500,17.14,8-8/13,30.7,29.180,無車位
2026-01-27_02-02,新竹市,7,光復園區套房,,新竹市東區光復路一段002-050號,東區,285,29.5,5-5/7,35.5,9.660,無車位
2026-01-27_02-02,新竹縣,8,湖口東區-蘭州電梯二房便宜投資美廈,,新竹縣湖口鄉蘭州四街4號2樓,湖口鄉,420,21.52,2-2/5,31.7,19.520,無車位
2026-01-27_02-02,新竹縣,9,竹北遠百俠隱高樓採光裝潢美屋,,新竹縣竹北市莊敬六街001-049號,竹北市,826,65.97,10-10/15,20.4,12.520,無車位
2026-01-27_02-02,新竹市,10,陽明采邑:新科國中，竹科旁稀有三房,,新竹市東區光復路一段051-099號,東區,920,30.7,7-7/12,32.3,29.970,無車位
2026-01-27_02-02,新竹市,11,中華大學3投套no32,,新竹市香山區柯湳一街80巷002-050號,香山區,315,17.89,3-3/5,24.9,17.610,無車位
2026-01-27_02-02,新竹市,12,市中心近遠百【亦樂靜居】超美二房加車位,,新竹市北區中山路101-149號,北區,1450,50.19,7-7/11,10.3,30.060,有車位/含車位4.160坪
2026-01-27_02-02,新竹市,13,新竹市透天,,新竹市北區大同路184巷002-050號,北區,780,35.28,1-2/2,86.7,22.110,無車位
2026-01-27_02-02,新竹市,14,專任椰城高樓採光明亮大三房平面車位緊鄰新科,,新竹市東區光復路一段89巷101-149號,東區,1646,37.6,11-11/14,27.2,43.780,有車位
2026-01-27_02-02,新竹縣,15,群新墨客稀有高鐵三房採光視野佳平車,,新竹縣竹北市隘口一街202-250號,竹北市,2750,64.74,6-6/12,9.9,52.240,有車位/含車位12.080坪
2026-01-27_02-02,新竹縣,16,專任 竹東自強學區【大樣臻美】美妝透天,,新竹縣竹東鎮北興路三段051-099號,竹東鎮,2400,47.09,-1-4/4,1.3,50.970,有車位
2026-01-27_02-02,新竹縣,17,近園區富宇居易首購大三房+平面車位,,新竹縣寶山鄉雙豐二街102-150號,寶山鄉,1850,42.32,4-4/7,9.5,49.760,有車位/含車位8.890坪
2026-01-27_02-02,新竹市,18,專任《自由曲線》超值三房平車｜近全聯、便利商店,,新竹市東區埔頂三路101-149號,東區,2190,55.64,13-13/14,14.9,42.690,有車位/含車位6.030坪
2026-01-27_02-02,新竹縣,19,芎林【大矽谷名人山莊】6房空中花園百坪雙併別墅,,新竹縣芎林鄉三民路002-050號,芎林鄉,2000,17.16,1-4/4,33.1,116.540,無車位
2026-01-27_02-02,新竹縣,20,專任|環球市稀有東南向外棟景觀四室B1大車位,,新竹縣竹東鎮光明路126巷051-099號,竹東鎮,1838,38.31,3-3/14,11,52.730,有車位/含車位8.670坪
2026-01-27_02-02,新竹縣,21,【本家芥子社區】質感裝潢電梯別墅,,新竹縣竹北市新興路52巷002-050號,竹北市,3100,39.16,1-4/4,5.4,79.170,有車位
2026-01-27_02-02,新竹縣,22,原美館綠園道精巧美裝1+1房小資女的家,,新竹縣竹北市六家一路一段102-150號,竹北市,1300,54.37,2-2/15,14.7,31.570,有車位/含車位9.870坪
2026-01-27_02-02,新竹縣,23,（專）遠百挑高辦公室,豐采520,新竹縣竹北市勝利二路【豐采520】B26棟15樓,竹北市,1260,60.31,15-15/25,未提供,26.900,有車位/含車位8.000坪
2026-01-27_02-02,新竹縣,24,芎林馥御文昌2+1房兩衛B2,,新竹縣芎林鄉文昌街052-100號,芎林鄉,1158,50.06,2-2/10,2.2,23.130,有車位
2026-01-27_02-02,新竹市,25,專任新鮮貨【竹光公道三近學區翻修過透天】,,新竹市北區竹光路95巷4弄002-050號,北區,1515,60.02,1-3/3,54.2,25.240,無車位
2026-01-27_02-02,新竹縣,26,高鐵區富宇君天下綠景大三房,,新竹縣竹北市東興路一段352-400號,竹北市,3188,66.49,5-5/14,9.8,54.390,有車位/含車位8.700坪
2026-01-27_02-02,新竹市,27,潘朵拉~東區精華小宅~首購族首選,,新竹市東區光復路二段651-699號,東區,475,46.75,9-9/10,19.9,10.160,無車位
2026-01-27_02-02,新竹市,28,虎林國中臨路傳家賺錢店面 l 無土地無保證,,新竹市香山區延平路二段001-049號,香山區,138,17.34,1-1/1,未提供,7.960,無車位
2026-01-27_02-02,新竹縣,29,專任｜竹東美之城長春商圈稀有獨立車庫透天,,新竹縣竹東鎮忠孝街132巷002-050號,竹東鎮,538,19.36,1-3/3,未提供,27.790,無車位
2026-01-27_02-02,新竹縣,30,湖口後站幸福2房+平面車位-景觀視野戶大樓,,新竹縣湖口鄉明德街051-099號,湖口鄉,995,29.65,11-11/14,5.5,33.560,有車位
2026-01-27_02-02,新竹縣,31,新豐鄉稀有透天｜田野清幽車庫採光宅 祥雲山莊,,新竹縣新豐鄉崁頭002-050號,新豐鄉,610,11.26,1-4/4,30.5,54.190,無車位
2026-01-27_02-02,新竹市,32,春福大雋A1-9F 黃金視野三房(雙平車),春福大雋,新竹市北區北大路【春福大雋】,北區,2876,58.63,9-9/27,未提供,67.140,有車位/含車位25.080坪
2026-01-27_02-02,新竹縣,33,專任竹北成功學區太睿觀外棟採光四房雙平車位,,新竹縣竹北市成功十一街102-150號,竹北市,3080,69.1,3-3/14,15.2,71.060,有車位/含車位20.410坪
2026-01-27_02-02,新竹市,34,專任龍山文化大鎮免整理美美2+1房,,新竹市東區埔頂路101-149號,東區,1208,39.4,3-3/7,30.3,30.660,無車位
2026-01-27_02-02,新竹市,35,民富國小2+1房公寓3樓戶,,新竹市北區少年街051-099號,北區,530,23.71,3-3/4,39.8,22.350,無車位
2026-01-27_02-02,新竹市,36,清華附小學區｜邊間三面採光美寓,,新竹市北區四維路21巷001-049號,北區,420,18.53,4-4/5,47,22.670,無車位
2026-01-27_02-02,新竹縣,37,無限綠景【日光富御】全新未入住三房車位,,新竹縣竹北市中正西路002-050號,竹北市,1666,47.62,5-5/12,0.9,43.250,有車位/含車位11.420坪
2026-01-27_02-02,新竹市,38,新竹市區面公園大套房大陽台附平車,,新竹市北區演藝路001-049號,北區,799,35.34,6-6/8,30,22.610,有車位
2026-01-27_02-02,新竹縣,39,環球市|甜甜超值戶|送百萬裝潢+B1平車,,新竹縣竹東鎮光明路126巷87弄001-049號,竹東鎮,1600,39.35,8-8/14,11,45.510,有車位/含車位8.670坪
2026-01-27_02-02,新竹縣,40,竹東麥當勞熱鬧商圈4房有車位透天,,新竹縣竹東鎮忠孝街71巷052-100號,竹東鎮,1000,17.76,1-5/5,30.5,56.310,有車位
2026-01-27_02-02,新竹縣,41,竹東專任【東方新都二】竹東車站前美兩房美屋,,新竹縣竹東鎮北興路二段11巷11號6樓,竹東鎮,480,22.49,6-6/8,30.8,21.340,無車位
2026-01-27_02-02,新竹市,42,逸和緣｜邊間｜屋齡新｜超美大三房,,新竹市香山區中山路602-650號,香山區,1250,36.2,3-3/5,6.7,34.530,無車位
2026-01-27_02-02,新竹市,43,近園區煙波儷舍三房車位綠景社區低總價優質生活,,新竹市東區柴橋路59巷051-099號,東區,916,26.87,8-8/11,30.5,31.640,有車位/含車位1.280坪
2026-01-27_02-02,新竹市,44,<東方明珠>關埔好市多商圈高質感大兩房+兩衛,,新竹市東區慈雲路051-099號,東區,2600,66.63,19-19/27,9.6,46.770,有車位/含車位10.000坪
2026-01-27_02-02,新竹市,45,金雅重劃【悅佳川青】採光二房+平車創意宅,,新竹市北區金雅八街052-100號,北區,1530,55.06,2-2/12,2.1,34.930,有車位/含車位9.870坪
2026-01-27_02-02,新竹縣,46,<富宇明星樂>低總價三房+車位購族首選,,新竹縣新豐鄉明新十街002-050號,新豐鄉,1300,41.94,2-2/9,1.7,36.720,有車位/含車位10.020坪
2026-01-27_02-02,新竹縣,47,近竹北高鐵35坪大地坪邊間超值透天,,新竹縣芎林鄉三民路251-299號,芎林鄉,638,14.9,1-2/2,未提供,42.830,無車位
2026-01-27_02-02,新竹市,48,牛埔透天,,新竹市新竹市和平段,新竹市,1280,0,,未提供,,無車位
2026-01-27_02-02,新竹市,49,宏家凱悅明亮美美三房平車,,新竹市北區延平路三段667巷6號7樓,北區,745,19.45,7-7/7,31.3,38.300,有車位
2026-01-27_02-02,新竹市,50,千甲車站【天綸MIX】輕屋齡典雅三房平車,,新竹市東區溪州路102-150號,東區,1888,43.89,3-3/9,2.6,43.020,有車位
2026-01-27_02-02,新竹縣,51,世界大同次頂樓明亮4改3房平車,,新竹縣竹東鎮世界街71巷001-049號,竹東鎮,715,20.6,7-7/8,28.8,38.330,有車位/含車位8.480坪
2026-02-03_02-09,新竹市,1,全區最便宜~文教新城｜清大商圈正三房,,新竹市東區光復路二段298巷5弄001-049號,東區,1500,35.44,6-6/7,30.7,42.330,無車位
2026-02-03_02-09,新竹市,2,新竹之昇．地標級建築．B5-7｜稀有釋出,新竹之昇,新竹市東區食品路【新竹之昇】B5棟7樓,東區,3168,61.23,7-7/30,未提供,59.470,有車位/含車位9.370坪
2026-02-03_02-09,新竹市,3,【專】湳雅大魯閣優兩房雙陽台二樓美寓鳳凰城首購佳,,新竹市北區湳雅街126巷21弄002-050號,北區,488,26.93,2-2/5,未提供,18.120,無車位
2026-02-03_02-09,新竹縣,4,城市裡擁抱綠蔭·露臺寧靜舒適生活｜高峰會3+1房,,新竹縣竹北市光明十八街002-050號,竹北市,2360,46.34,2-2/14,14,55.480,有車位/含車位7.790坪
2026-02-03_02-09,新竹縣,5,綠樣名園｜鄉村風景觀平車三房《全新翻修近工研院》,,新竹縣竹東鎮員山路402-450號,竹東鎮,1020,25.69,6-6/6,29.9,39.710,有車位
2026-02-03_02-09,新竹縣,6,專任和發善藝2房平車視野戶,,新竹縣竹東鎮至善路002-050號,竹東鎮,1160,40.74,10-10/14,0.5,33.140,有車位/含車位8.350坪
2026-02-03_02-09,新竹縣,7,公園旁重劃區【一方湛】全新電梯透天-東南向雙主臥,,新竹縣竹北市新北二街002-050號,竹北市,3195,44.64,1-4/4,2.5,71.570,有車位
2026-02-03_02-09,新竹市,8,專任｜未來21~我最便宜|景觀大四房+平車,,新竹市香山區牛埔東路001-049號,香山區,1760,38.49,12-12/15,18.2,52.350,有車位/含車位10.530坪
2026-02-03_02-09,新竹縣,9,俠客2精美樓中樓平車,,新竹縣竹北市縣政二路051-099號,竹北市,1010,36.94,4-4/10,18.3,27.340,有車位
2026-02-03_02-09,新竹市,10,德安家康高樓景觀戶~寬敞舒適大三房,,新竹市北區武陵路002-050號,北區,1966,44.21,15-15/26,17.6,51.290,有車位/含車位10.220坪
2026-02-03_02-09,新竹縣,11,王爺壟商圈｜湖心森林｜面湖視野戶大三房,,新竹縣湖口鄉中山路一段601-649號,湖口鄉,1428,29.9,12-12/12,6.2,51.350,有車位/含車位8.620坪
2026-02-03_02-09,新竹市,12,【陽明山莊】面寬17米創意田字別墅｜超大地坪,,新竹市東區明湖路486巷39弄001-049號,東區,1700,35.54,1-2/2,37.3,47.830,有車位
2026-02-03_02-09,新竹市,13,專任 新竹之昇 C棟大3房+平面大車位 高CP值,新竹之昇,新竹市東區食品路【新竹之昇】C2棟7樓,東區,2950,59.18,7-7/30,未提供,57.020,有車位/含車位9.370坪
2026-02-03_02-09,新竹縣,14,(專任)遠百「豐采520」B22棟挑高商辦平車,豐采520,新竹縣竹北市勝利一路【豐采520】B22棟15樓,竹北市,1228,58.62,15-15/25,未提供,26.900,有車位/含車位8.000坪
2026-02-03_02-09,新竹縣,15,高鐵站面水圳公園A級商辦,,新竹縣竹北市復興一街251-299號,竹北市,3950,45.73,7-7/16,17.5,99.950,有車位/含車位20.150坪
2026-02-03_02-09,新竹縣,16,中醫大『大學漾』綠映四房|主建35坪|電動樁車位,,新竹縣竹北市福興一路052-100號,竹北市,2838,46.83,4-4/24,11.7,67.440,有車位/含車位10.050坪
2026-02-03_02-09,新竹市,17,新竹關埔區-昌禾世界島--心動視野近園區採光美宅,,新竹市東區慈濟路202-250號,東區,3600,58.1,7-7/23,11.2,61.960,有車位
2026-02-03_02-09,新竹市,18,湳雅商圈下一站 金雅區 錦雅苑 田園視野三房平車,,新竹市北區金農路152-200號,北區,2088,44.52,3-3/13,5.9,46.900,有車位
2026-02-03_02-09,新竹市,19,專任新竹之昇A棟3+1房面十八尖山,新竹之昇,新竹市東區食品路【新竹之昇】A3棟16樓,東區,3826,67.09,16-16/30,未提供,72.770,有車位/含車位18.730坪
2026-02-03_02-09,新竹縣,20,近AI台元佳泰世紀城前棟兩房平車,,新竹縣竹北市十興路302-350號,竹北市,1680,55.29,11-11/22,7.5,36.430,有車位/含車位8.760坪
2026-02-03_02-09,新竹縣,21,王爺壟沐光｜稀有朝東南雙面採光視野兩房,,新竹縣湖口鄉達生八街052-100號,湖口鄉,1030,33.02,9-9/10,1.4,33.910,有車位/含車位7.260坪
2026-02-03_02-09,新竹市,22,大鵬新城｜明亮三房平車視野戶《永久超棒遼闊美景》,,新竹市北區凌雲街052-100號,北區,1650,31.51,14-14/14,17,52.370,有車位
2026-02-03_02-09,新竹市,23,巨城三民收租美套房,,新竹市東區自由路101-149號,東區,405,38.9,4-4/12,31.4,10.410,無車位
2026-02-03_02-09,新竹縣,24,黃金地段喜來登旁 質感裝潢 視野大套房,,新竹縣竹北市莊敬六街13號13樓之6,竹北市,825,64.15,13-13/15,20.4,12.860,無車位
2026-02-03_02-09,新竹市,25,蒂芬妮時尚精品樓中樓,,新竹市北區中山路201-249號,北區,546,47.77,5-5/10,18.8,11.430,無車位
2026-02-03_02-09,新竹市,26,新竹火車站商業大角店,,新竹市東區民族路001-049號,東區,13000,46.36,1-2/12,25.5,280.390,有車位
2026-02-03_02-09,新竹縣,27,二重明星田字透天,,新竹縣竹東鎮明星路239巷002-050號,竹東鎮,980,28.12,1-2/2,未提供,34.850,無車位
2026-02-03_02-09,新竹縣,28,專任成功學區《太睿觀》邊間大三房+平車,,新竹縣竹北市成功十一街102-150號,竹北市,2800,61.47,9-9/14,15.2,53.310,有車位/含車位10.200坪
2026-02-03_02-09,新竹市,29,竹科新竹之昇A3朝南3+1房雙平車面18尖山,新竹之昇,新竹市東區食品路【新竹之昇】A3棟23樓,東區,3960,67.91,23-23/30,未提供,72.770,有車位/含車位18.730坪
2026-02-03_02-09,新竹縣,30,專任高鐵蛋黃區【原美館】角間三房視野戶,,新竹縣竹北市六家一路一段102-150號,竹北市,2558,51.08,11-11/15,14.7,50.080,有車位
2026-02-03_02-09,新竹縣,31,專任大河戀河岸視野高樓層採光2+1房平面車位,,新竹縣竹北市興隆路一段001-049號,竹北市,1770,49.22,15-15/15,13.5,44.160,有車位/含車位11.250坪
2026-02-03_02-09,新竹縣,32,新鮮貨近星都匯/環宇/星都心【環球市】大棟距四室,,新竹縣竹東鎮光明路126巷87弄002-050號,竹東鎮,1620,36.75,5-5/14,11,48.670,有車位/含車位8.670坪
2026-02-03_02-09,新竹市,33,【大景首席】鐵了心要賣∥外棟+三房平車∥屋主急售,,新竹市北區東大路二段602-650號,北區,2060,48.26,7-7/14,1.8,44.810,有車位/含車位5.860坪
2026-02-03_02-09,新竹市,34,關埔好市多【竹科潤隆】最超值輕奢裝潢兩房大平車,,新竹市東區埔頂三路002-050號,東區,1850,67.67,5-5/29,2.8,33.860,有車位/含車位8.740坪
2026-02-03_02-09,新竹市,35,【專】自由大道三面採光2房平車鄰香山國小,,新竹市香山區中華路四段252-300號,香山區,1456,41.42,3-3/13,10.9,41.810,有車位/含車位10.280坪
2026-02-03_02-09,新竹市,36,稀有!關埔區屋齡9年電梯投套高投報約4.5%附車,,新竹市東區光復路一段531巷1弄001-049號,東區,2990,29.56,1-6/6,10.8,101.150,有車位
2026-02-03_02-09,新竹市,37,專任!國家藝術園區雙車庫獨棟電梯別墅,,新竹市東區瑞麟路001-049號,東區,3440,23.19,-1-3/3,29.6,148.310,無車位
2026-02-03_02-09,新竹縣,38,稀有明星重劃區富宇明星綻優質最高CP值三房平車,富宇明星綻,新竹縣新豐鄉明新十街【富宇明星綻】A8棟4樓,新豐鄉,1295,40.83,4-4/9,未提供,37.030,有車位/含車位8.990坪
2026-02-03_02-09,新竹縣,39,竹北市安興國小【椰林賞】質感視野２+1房附車位,,新竹縣竹北市十興五街052-100號,竹北市,2788,72.31,13-13/14,5.5,46.180,有車位/含車位9.700坪
2026-02-03_02-09,新竹縣,40,竹東全新景觀二房,,新竹縣竹東鎮至善路002-050號,竹東鎮,1150,34.5,8-8/14,0.5,33.330,有車位
2026-02-03_02-09,新竹市,41,南大路透天,,新竹市東區南大路473巷23弄001-049號,東區,1185,38.87,1-2/2,47.7,30.490,無車位
2026-02-03_02-09,新竹市,42,三民國中優質大套房,,新竹市東區自由路95巷18弄002-050號,東區,445,32.18,7-7/7,35.2,13.830,無車位
2026-02-03_02-09,新竹縣,43,中華路大地坪挑高透天店面,,新竹縣竹北市中華路301-349號,竹北市,2250,32.64,-1-2/2,28.6,68.940,無車位
2026-02-03_02-09,新竹市,44,牛埔-首購型-透天-4房-可改室內車庫,,新竹市香山區牛埔北路257巷052-100號,香山區,720,13.87,1-3/3,54.3,51.900,無車位
2026-02-03_02-09,新竹市,45,專任-園區客最愛新竹內湖文學苑3房平車美厦,,新竹市香山區內湖路107巷051-099號,香山區,900,24.24,2-5/5,3.1,37.130,有車位
2026-02-03_02-09,新竹縣,46,自強國中住店,,新竹縣竹東鎮自強路051-099號,竹東鎮,2450,28.38,1-4/4,11.4,86.320,有車位
2026-02-03_02-09,新竹縣,47,高鐵遠雄鉑悅兩房B1平車位,,新竹縣竹北市嘉豐北路002-050號,竹北市,2150,57.5,8-8/23,6.5,37.390,有車位
2026-02-03_02-09,苗栗縣,48,亞昕【昕見築】3房精品平車美廈,,苗栗縣頭份市公園一街051-099號,頭份市,1200,0,5-5/23,1.2,39.860,有車位/含車位8.900坪
2026-02-03_02-09,新竹市,49,【專任】自由大道稀有邊間大兩房平車~全區最便宜,,新竹市香山區中華路四段252-300號,香山區,1260,32.94,3-3/13,10.9,38.250,有車位
2026-02-03_02-09,新竹市,50,專任！清大雙星採光好亮三房,,新竹市東區建中一路23巷20號4樓,東區,1200,33.56,4-4/12,31.9,35.760,無車位
2026-02-03_02-09,新竹市,51,森林首席｜公園景觀戶｜三改二｜B1雙平面,森林首席,新竹市北區武陵路【森林首席】E棟8樓,北區,2600,51.64,8-8/14,未提供,56.160,有車位/含車位14.140坪
2026-02-03_02-09,新竹市,52,全新樣貌零缺點!!八大培英學區最低價!三房加車位,,新竹市東區學府路441巷001-049號,東區,1230,32.91,2-2/5,34.5,37.380,有車位
2026-02-03_02-09,新竹市,53,鴻柏【鴻韻】稀有3房視野戶｜獨立雙平車,,新竹市東區東大路一段101-149號,東區,4570,41.24,13-13/19,13.9,110.820,有車位
2026-02-03_02-09,新竹市,54,光華湳雅商圈整新三房平車室内30坪,,新竹市北區光華一街002-050號,北區,1500,30.74,7-7/7,36.6,48.790,有車位
2026-02-03_02-09,新竹縣,55,長春靜巷美透天｜地點超好・前院停車,,新竹縣竹東鎮長春路三段204巷001-049號,竹東鎮,1180,22.8,1-2/2,48.1,51.760,有車位
2026-02-03_02-09,新竹縣,56,成功學區-天闊-三房平車-非常想賣有喜歡歡迎出價,,新竹縣竹北市成功十五街001-049號,竹北市,2550,51.86,7-7/12,14,49.170,有車位
2026-02-03_02-09,新竹縣,57,竹北大遠百【台大傳家】精美3+1室平車,,新竹縣竹北市莊敬北路052-100號,竹北市,2000,66.73,3-3/10,21,40.670,有車位/含車位12.950坪
2026-02-03_02-09,新竹縣,58,竹北-獨家朝南中央公園1室+大車位(京站),,新竹縣竹北市復興一街251-299號,竹北市,1400,58.22,6-6/16,17.5,31.550,有車位/含車位10.080坪
2026-02-03_02-09,新竹縣,59,香奈兒重疊別墅 三房三衛子母車位可停雙車,,新竹縣竹北市嘉興路338巷3弄20號2樓,竹北市,1500,38.97,2-3/5,21.5,38.490,有車位
2026-02-10_02-16,新竹縣,1,高鐵區『優創客』朝南採光～智能大三房＋平車,,新竹縣竹北市日興一街001-049號,竹北市,2600,63.58,7-7/14,3.7,49.820,有車位/含車位11.290坪
2026-02-10_02-16,新竹縣,2,擴大經營台積電罩大家庭就住「天闊」,,新竹縣寶山鄉湳坑二街002-050號,寶山鄉,1056,17.8,1-5/5,28.2,59.340,有車位
2026-02-10_02-16,新竹市,3,獨家專任~超稀有八大學區絕美小豪宅~衛浴開窗,,新竹市東區東南街239巷1號,東區,450,42.1,1-1/7,34.7,10.690,無車位
2026-02-10_02-16,新竹縣,4,上館學區｜現代名門｜低總價超值兩房,,新竹縣竹東鎮中豐路三段102-150號,竹東鎮,508,19.91,1-1/12,30.7,25.510,無車位
2026-02-10_02-16,新竹市,5,新竹之昇八大學區朝南大三房,新竹之昇,新竹市東區食品路【新竹之昇】B5棟3樓,東區,3050,58.88,3-3/30,未提供,59.960,有車位/含車位9.870坪
2026-02-10_02-16,新竹市,6,上品院朝南面山精品3+1房雙平車視野戶,,新竹市東區中華路二段201-249號,東區,3000,51.62,16-16/18,12.8,69.090,有車位/含車位16.790坪
2026-02-10_02-16,新竹市,7,港南國小｜大面寬大地坪透天厝《低總價買到透天厝》,,新竹市香山區海埔路131巷051-099號,香山區,780,82.11,1-2/2,31.6,9.500,無車位
2026-02-10_02-16,新竹市,8,香山美三房+車位,,新竹市香山區中華路五段323巷001-049號,香山區,1125,43.34,4-4/5,3.9,25.960,有車位
2026-02-10_02-16,新竹縣,9,竹東臻研箴藏綠意視野大3房B1汽車平面車位,,新竹縣竹東鎮長春路一段201-249號,竹東鎮,1830,39.3,8-8/13,11.5,51.750,有車位/含車位9.010坪
2026-02-10_02-16,新竹縣,10,勝利中正學區｜興希望正三房朝南戶｜平車,,新竹縣竹北市北新一街002-050號,竹北市,2200,47.93,5-5/24,7,51.290,有車位/含車位8.520坪
2026-02-10_02-16,新竹縣,11,專任!成功學區大遠百商圈椰林首璽大四房雙車,,新竹縣竹北市成功一街002-050號,竹北市,3858,51.58,7-7/12,18.2,94.120,有車位/含車位25.140坪
2026-02-10_02-16,新竹縣,12,上德逸『全新』挑高7米店面＋平面車位｜低於實登,,新竹縣竹北市十興路一段396號,竹北市,2783,78.79,1-1/20,1.3,43.980,有車位/含車位11.200坪
2026-02-10_02-16,新竹縣,13,湖口東區福德堡三房+車位,,新竹縣湖口鄉吉祥街82巷002-050號,湖口鄉,696,27.25,2-2/5,11.2,25.540,有車位
2026-02-10_02-16,新竹縣,14,遠雄新時代高樓層二房+平面車位,,新竹縣竹東鎮龍鳳路002-050號,竹東鎮,1500,47.56,10-10/15,5,37.630,有車位/含車位9.250坪
2026-02-10_02-16,新竹縣,15,【皇昱京都】稀有縣府特區三面採光五房生活機能優,,新竹縣竹北市縣政五街32巷002-050號,竹北市,1150,26.18,7-7/8,32,43.920,無車位
2026-02-10_02-16,新竹市,16,大鵬新城明亮高樓大4房,,新竹市北區凌雲街002-050號,北區,2020,32.93,13-13/13,17,61.350,有車位
2026-02-10_02-16,新竹縣,17,專任縣三國賓大悅高樓層美裝大兩房+平車,,新竹縣竹北市勝利八街一段201-249號,竹北市,1518,47.5,12-12/27,9.8,37.820,有車位/含車位9.020坪
2026-02-10_02-16,新竹縣,18,【京燕】時尚小豪宅｜無限視野美裝速度件,,新竹縣竹北市光明九路152-200號,竹北市,677,63.57,9-9/11,17.1,10.650,無車位
2026-02-10_02-16,新竹縣,19,縣三優質大三房雙平車稀有釋出,,新竹縣竹北市莊敬三路352-400號,竹北市,4250,52.15,3-3/19,0.5,81.500,有車位
2026-02-10_02-16,新竹縣,20,富宇大宅天景綠景第一排5房3車位,,新竹縣竹北市興隆路二段051-099號,竹北市,7000,43.64,14-14/25,13.2,160.420,有車位
2026-02-10_02-16,新竹市,21,香山國小成家2房,,新竹市香山區東華路002-050號,香山區,700,34.08,6-6/12,31.7,20.540,無車位
2026-02-10_02-16,新竹縣,22,遠百AI縣三【巨人】高樓採光美兩房+平車,,新竹縣竹北市勝利十一路252-300號,竹北市,1580,51.21,18-18/23,9.4,37.010,有車位/含車位9.090坪
2026-02-10_02-16,新竹縣,23,【專任】國賓大悅｜面山景大兩房｜柱邊大車位,,新竹縣竹北市勝利八街一段201-249號,竹北市,1838,58.77,27-27/27,9.8,37.740,有車位/含車位9.020坪
2026-02-10_02-16,新竹縣,24,近 AI 園區｜低總價美透天｜生活機能成熟,,新竹縣竹北市仁義路16巷001-049號,竹北市,1225,49.2,1-4/4,51.4,24.900,無車位
2026-02-10_02-16,新竹縣,25,映樸川高樓層優質3+1房+平車,,新竹縣竹北市環北路一段107巷001-049號,竹北市,2560,39.34,15-15/15,13.6,65.080,有車位
2026-02-10_02-16,新竹縣,26,【專】二重埔環球市稀有朝南視野戶3室平車,,新竹縣竹東鎮光明路126巷051-099號,竹東鎮,1795,43.27,8-8/14,11,46.680,有車位/含車位8.670坪
2026-02-10_02-16,新竹縣,27,全新臻研臻心視野三房+平車,,新竹縣竹東鎮東峰路252-300號,竹東鎮,1385,35.38,9-9/11,0.9,44.320,有車位/含車位9.420坪
2026-02-10_02-16,新竹縣,28,高鐵河岸朝南君廈B(現況打通)雙車位,,新竹縣竹北市興隆路三段301-349號,竹北市,3500,50.81,11-11/14,18.4,84.300,有車位/含車位21.330坪
2026-02-10_02-16,新竹市,29,稀有秒殺真愛城堡景觀3+1房平車,,新竹市香山區經國路三段73巷001-049號,香山區,1150,29.72,6-6/7,26.2,38.700,有車位
2026-02-10_02-16,新竹縣,30,弘峻理享城四改大三房視野戶,,新竹縣湖口鄉德和路10巷051-099號,湖口鄉,1020,21.24,6-6/11,1,48.030,有車位
2026-02-10_02-16,新竹縣,31,專任首購高鐵區挑高三室可停休旅車,,新竹縣竹北市隘口六街001-049號,竹北市,1100,62.58,1-1/9,17.8,17.950,有車位/含車位2.770坪
2026-02-10_02-16,新竹縣,32,[專任] 竹東溫馨明亮三改二房/稀有平面大車位,,新竹縣竹東鎮幸福路121巷002-050號,竹東鎮,857,20.15,13-13/13,32.1,42.530,有車位
2026-02-10_02-16,新竹市,33,專任低總價四房近園區電梯樓中樓,,新竹市東區明湖路1050巷102-150號,東區,670,23.89,4-4/5,31.4,28.040,無車位
2026-02-10_02-16,新竹縣,34,竹東住店優質透天,,新竹縣竹東鎮北興路二段152-200號,竹東鎮,1300,31.68,1-3/3,未提供,41.030,無車位
2026-02-10_02-16,新竹市,35,Ur夢想市 視野高樓層三房 大坪數雙車位,,新竹市東區立鵬路102-150號,東區,3900,54.39,18-18/25,11.4,71.710,有車位
2026-02-10_02-16,新竹市,36,專任三民巨城商圈大三房三衛浴一樓美寓＋地下室,,新竹市東區民族路113巷2弄001-049號,東區,1030,29.27,-1-1/4,49.5,35.190,無車位
2026-02-10_02-16,新竹市,37,巨城景觀無敵超大視野辦公室+車位,,新竹市東區民生路251-299號,東區,720,23.06,8-8/13,29.3,31.220,有車位
2026-02-10_02-16,新竹縣,38,【專】星都匯A區朝南三室輕裝高樓層B2平車星都滙,,新竹縣竹東鎮旭光一路101-149號,竹東鎮,1785,44.81,9-9/14,2.5,46.310,有車位/含車位9.830坪
2026-02-24_03-02,新竹縣,1,專任-星都滙A區大坪數3+1室,,新竹縣竹東鎮旭光一路101-149號,竹東鎮,1758,40.84,4-4/14,2.5,49.200,有車位/含車位9.830坪
2026-02-24_03-02,新竹縣,2,青禾 2房平車 採光優,,新竹縣竹北市嘉興路338巷002-050號,竹北市,1800,54.04,6-6/12,12.1,41.410,有車位/含車位10.880坪
2026-02-24_03-02,新竹縣,3,【專】成功學區椰林成功八錄3+1房雙車,,新竹縣竹北市成功八路102-150號,竹北市,3980,51.61,5-5/14,13.6,89.310,有車位/含車位18.010坪
2026-02-24_03-02,新竹市,4,新竹之昇大戶,新竹之昇,新竹市東區食品路【新竹之昇】A2棟17樓,東區,4580,68.3,17-17/30,未提供,80.950,有車位/含車位18.730坪
2026-02-24_03-02,新竹市,5,風尚高投報5投套~新屋~滿租~地點絕佳,,新竹市東區埔頂二路152-200號,東區,1814,74.07,6-6/6,4.2,24.490,無車位
2026-02-24_03-02,新竹縣,6,長春帝國CP值1-3樓黃金住店,,新竹縣竹東鎮長春路三段42巷002-050號,竹東鎮,680,17.4,1-3/13,31.2,39.070,無車位
2026-02-24_03-02,新竹縣,7,湖口後站-學區三房華廈,,新竹縣湖口鄉龍江街001-049號,湖口鄉,580,16.67,3-3/5,33.3,34.790,無車位
2026-02-24_03-02,新竹市,8,精美小豪宅,,新竹市北區林森路251-299號,北區,306,36.6,16-16/17,28.9,8.360,無車位
2026-02-24_03-02,新竹縣,9,湖口成功圓明園三房含車位,,新竹縣湖口鄉國光街35巷002-050號,湖口鄉,665,15.66,6-6/9,31.8,42.470,有車位
2026-02-24_03-02,新竹縣,10,綠光森林28．新社國小美兩房一樓平面車位,,新竹縣竹北市中正西路219巷001-049號,竹北市,1178,50.19,3-3/7,5.1,27.980,有車位/含車位7.500坪
2026-02-24_03-02,新竹縣,11,綠光森林28．新社國小高樓成家二改一房美宅,,新竹縣竹北市中正西路219巷001-049號,竹北市,1050,51.14,6-6/7,5.1,20.530,無車位
2026-02-24_03-02,新竹市,12,專任｜光華巨城邊間明亮三房美屋,,新竹市北區光華街52巷001-049號,北區,650,28.65,3-3/5,47.8,22.690,無車位
2026-02-24_03-02,新竹市,13,學府春秋｜八大學區三房美華廈《優質社區稀有釋出》,,新竹市東區寶山路145巷001-049號,東區,1060,39.76,6-6/8,31.1,26.660,有車位
2026-02-24_03-02,新竹縣,14,專任新埔田新重劃區｜竹科臻邦美妝視野三房,,新竹縣新埔鎮福德街001-049號,新埔鎮,1620,38.01,7-7/15,2.4,47.040,有車位/含車位8.370坪
2026-02-24_03-02,新竹市,15,專任~皇凱四房車位景觀戶近南寮國小,,新竹市北區東大路三段351-399號,北區,835,18.28,4-4/8,30.5,45.670,有車位
2026-02-24_03-02,新竹縣,16,華興元啟『涓建筑』溪流視野大三房平車,,新竹縣竹北市社崙街001-049號,竹北市,2245,43.58,5-5/15,11.6,51.520,有車位
2026-02-24_03-02,新竹市,17,武陵路湳雅大魯閣商圈近68朝南採光通風佳3房健身,,新竹市北區武陵路276巷001-049號,北區,660,20.55,4-4/5,36.6,32.120,無車位
2026-02-24_03-02,新竹縣,18,專任 大學漾 朝東南 美三房EMS充電友善社區,,新竹縣竹北市福興一路052-100號,竹北市,2250,51.38,10-10/24,11.7,50.940,有車位/含車位10.070坪
2026-02-24_03-02,新竹縣,19,獨家/湖口工業區/近學區/低總價需整理/孝親透天,,新竹縣湖口鄉勝利路二段45巷3弄001-049號,湖口鄉,520,17.45,1-2/2,40.4,29.800,無車位
2026-02-24_03-02,新竹縣,20,專任竹北-涓建築 朝南景觀三房,,新竹縣竹北市社崙街001-049號,竹北市,2218,47.55,6-6/15,11.6,51.520,有車位/含車位8.030坪
2026-02-24_03-02,新竹市,21,觀璞視野美裝潢大三房加平車,,新竹市東區長春街62巷002-050號,東區,2280,52.07,9-9/13,19.5,43.790,有車位
2026-02-24_03-02,新竹縣,22,大有可為|主+附近40坪含平車|4改3房景觀戶,,新竹縣竹北市勝利二路102-150號,竹北市,2425,43.45,14-14/21,21.9,60.940,有車位/含車位8.580坪
2026-02-24_03-02,新竹縣,23,至善重劃區景觀戶,,新竹縣竹東鎮至善路002-050號,竹東鎮,1128,33.84,7-7/14,0.5,33.330,有車位
2026-02-24_03-02,新竹市,24,『ＭＭ21』極景邊間/雙車首選/高樓層絕美二房,,新竹市香山區經國路三段92巷002-050號,香山區,1372,48.59,9-9/15,13,40.240,有車位/含車位15.090坪
2026-02-24_03-02,新竹市,25,中華大學3投套no21,,新竹市香山區柯湳一街052-100號,香山區,340,19.13,2-2/5,24.8,17.770,無車位
2026-02-24_03-02,新竹縣,26,昌益麗景大四房,,新竹縣竹東鎮中興路二段260巷001-049號,竹東鎮,850,17.66,1-1/5,26.7,48.140,有車位
2026-02-24_03-02,新竹縣,27,大河戀高樓層景觀戶大四房雙平車~,,新竹縣竹北市興隆路一段001-049號,竹北市,2670,44.39,9-9/15,13.5,80.630,有車位/含車位23.860坪
2026-02-24_03-02,新竹縣,28,全民時代景觀三房平車,,新竹縣竹北市福竹街052-100號,竹北市,2080,37.46,8-8/14,12.4,55.530,有車位
2026-02-24_03-02,新竹市,29,【專任】中山世紀｜美裝潢2房平面車位秒殺戶,,新竹市香山區中山路640巷152-200號,香山區,1580,40.34,5-5/13,9.5,39.170,有車位
2026-02-24_03-02,新竹縣,30,王爺壟｜和峻沐光｜高樓層無限視野兩房B1大平車,,新竹縣湖口鄉達生八街052-100號,湖口鄉,1037.5,34.32,8-8/10,1.4,33.120,有車位/含車位7.260坪
2026-02-24_03-02,新竹市,31,《竹科、X計畫》啟奧邦城四房高樓層視野戶,,新竹市東區公道五路二段351-399號,東區,2880,50.54,13-13/13,18.3,56.990,有車位
2026-02-24_03-02,新竹市,32,大魯閣旁『武陵中正』親民低總價三房,,新竹市北區武陵路151-199號,北區,938,29.94,4-4/15,30.2,31.330,無車位
2026-02-24_03-02,新竹市,33,獨家專任~稀有出售~昌益寶璽美4房(社區管理),,新竹市北區和平路052-100號,北區,1176,30.63,3-3/10,26.1,38.390,無車位
2026-02-24_03-02,新竹縣,34,紐約小品,,新竹縣新豐鄉建興路二段602-650號,新豐鄉,730,30.89,6-6/7,6.8,23.630,無車位
2026-02-24_03-02,新竹市,35,花漾城高樓海景兩房＋平車,,新竹市北區西濱路一段151-199號,北區,1006,30.77,14-14/15,3.4,39.470,有車位/含車位11.650坪
2026-02-24_03-02,新竹縣,36,湖口工業區警衛管理三房外棟好採光附平面車位,,新竹縣湖口鄉國強街002-050號,湖口鄉,1045,25.03,3-3/12,0.9,41.810,有車位/含車位6.050坪
2026-02-24_03-02,新竹市,37,近新莊車站學士園首購成家三房含車位,,新竹市東區新莊街052-100號,東區,1250,36.7,7-7/7,32.1,34.060,有車位
2026-02-24_03-02,新竹市,38,東南街零公設採光兩房近麗池公園後站商圈,,新竹市東區東南街167巷53弄001-049號,東區,450,29.3,4-4/4,47.4,15.360,無車位
2026-03-10_03-16,新竹市,1,竹科高翠角間店面+46間電梯陽台套房,,新竹市東區高翠路327巷6弄002-050號,東區,6800,54.17,1-4/7,14.7,125.520,無車位
2026-03-10_03-16,新竹市,2,全新【幸福雄郡15】虎林成家首購正2房一樓平車,,新竹市香山區虎林街101-149號,香山區,1250,51.81,4-4/5,1.2,27.020,有車位/含車位5.790坪
2026-03-10_03-16,新竹市,3,專任三民學區巨城百貨承寬名摩樓中樓附車位,,新竹市東區自由路95巷18弄001-049號,東區,585,43.21,4-4/8,20,13.540,有車位
2026-03-10_03-16,新竹縣,4,櫻花聚聚馥區邊間美三房平面大車位,,新竹縣竹北市中央路202-250號,竹北市,2168,58.53,4-4/15,1.5,42.000,有車位/含車位7.520坪
2026-03-10_03-16,新竹市,5,春福江山近園區樓中樓景觀明亮美套房~有天然瓦斯,,新竹市東區明湖路1050巷102-150號,東區,450,31.47,5-5/5,31.4,14.300,無車位
2026-03-10_03-16,新竹縣,6,高鐵特區大硯9+1高樓視野質感大三房,,新竹縣竹北市隘口二路002-050號,竹北市,3820,73.87,11-11/13,8.3,58.220,有車位/含車位8.540坪
2026-03-10_03-16,新竹縣,7,坤山水漾高樓視野加雙車位,,新竹縣竹北市嘉豐十一路二段127巷001-049號,竹北市,4450,52.16,12-12/14,14.8,85.320,有車位
2026-03-10_03-16,新竹市,8,惠宇雲品 朝南高樓景觀視野戶大三房+B1雙大平車,,新竹市東區世傑路252-300號,東區,3558,69.55,19-19/21,10.6,65.860,有車位/含車位19.020坪
2026-03-10_03-16,新竹縣,9,首購首選【美都薪豐】全新落成兩房兩衛,,新竹縣新豐鄉建興路二段337巷001-049號,新豐鄉,985,25.67,7-7/15,1.9,40.060,有車位/含車位7.530坪
2026-03-10_03-16,新竹縣,10,閱讀台大四改三房 雙車位 近AI智慧園區 大遠百,,新竹縣竹北市勝利七街一段152-200號,竹北市,2250,36.64,5-5/10,23.1,61.410,有車位
2026-03-10_03-16,新竹縣,11,昌禾沐月大3房｜邊間｜雙平面車位｜AI園區,,新竹縣竹北市勝利六街102-150號,竹北市,3880,49.01,7-7/11,13.8,79.170,有車位
2026-03-10_03-16,新竹縣,12,竹東熱鬧商圈低總價透天,,新竹縣竹東鎮五豐街3巷25弄002-050號,竹東鎮,470,15.63,1-2/2,未提供,30.080,無車位
2026-03-10_03-16,新竹市,13,降價｜關埔絕美主建24坪｜利豐賦居三房改大兩房,,新竹市東區關新北路152-200號,東區,3100,77.73,14-14/14,5.3,49.140,有車位/含車位11.190坪
2026-03-10_03-16,新竹市,14,關埔&好市多｜竹科潤隆｜質感三房+平車,,新竹市東區埔頂三路002-050號,東區,2518,66.15,17-17/29,2.8,44.540,有車位/含車位8.740坪
2026-03-10_03-16,新竹縣,15,專任國賓大悅朝東南高樓美裝潢柱邊大車位戶,,新竹縣竹北市勝利八街一段201-249號,竹北市,1720,54.34,15-15/27,9.8,37.910,有車位/含車位9.020坪
2026-03-10_03-16,新竹縣,16,六家國中旁印象竹北大四房子母車位,,新竹縣竹北市嘉祥一街51巷002-050號,竹北市,1830,43.04,4-5/5,21.4,42.520,有車位
2026-03-10_03-16,新竹縣,17,高鐵特區【富宇城心城邑】樹景三房雙平車,,新竹縣竹北市福興東路二段002-050號,竹北市,2428,50.35,1-1/13,10,68.170,有車位/含車位25.910坪
2026-03-10_03-16,新竹縣,18,竹科蛋黃區絕版電梯超大三房【室內陽台29坪】,,新竹縣竹東鎮中興路四段572巷40弄002-050號,竹東鎮,780,18.11,2-2/6,31.4,43.080,無車位
2026-03-10_03-16,新竹縣,19,專任～近AI遠百商圈學區房高樓層大三房＋平車,,新竹縣竹北市光明一路001-049號,竹北市,1940,42.36,8-8/10,21.8,49.780,有車位/含車位7.520坪
2026-03-10_03-16,新竹縣,20,【蓮棧】竹北光明商圈低總價採光套房+前陽台,,新竹縣竹北市光明五街302-350號,竹北市,390,37.79,4-4/8,30.2,10.320,無車位
2026-03-10_03-16,新竹縣,21,臨台泥重劃區~單層單戶 【幸福十八華廈】,,新竹縣竹東鎮幸福路002-050號,竹東鎮,640,21.03,5-5/5,27.5,30.430,無車位
2026-03-10_03-16,新竹市,22,稀有開闊景觀I強勢生活圈I學區宅+車位,,新竹市東區東大路一段52巷001-049號,東區,1278,37.43,11-11/12,29.6,34.140,有車位
2026-03-10_03-16,新竹縣,23,光明國小東坡居大兩房平車戶,,新竹縣竹北市光明九路001-049號,竹北市,1600,71.11,3-3/8,12.3,35.410,有車位/含車位15.020坪
2026-03-10_03-16,新竹市,24,北門街1樓,,新竹市北區北門街102-150號,北區,1380,45.7,1-1/7,40.6,30.200,無車位
2026-03-10_03-16,新竹縣,25,專任~二重學區高CP華廈,,新竹縣竹東鎮中央路22巷002-050號,竹東鎮,428,16.51,1-1/6,28.6,25.930,無車位
2026-03-10_03-16,新竹縣,26,湖適居,,新竹縣湖口鄉中興街55巷002-050號,湖口鄉,1190,27.25,3-13/13,0.3,43.670,有車位
2026-03-10_03-16,新竹縣,27,竹北華興重劃區 皇普雲鼎景觀2房平面車位,,新竹縣竹北市光明六路552-600號,竹北市,1785,47.25,19-19/24,3.5,37.780,有車位
2026-03-10_03-16,新竹縣,28,縣三 AI園區 南向邊間露臺戶 三房雙平車,,新竹縣竹北市勝利八街一段301-349號,竹北市,2696,64.64,2-2/14,8.4,55.590,有車位/含車位16.200坪
2026-03-10_03-16,新竹市,29,大魯閣金雅三房車位超低總價,,新竹市北區湳中街87巷14弄001-049號,北區,850,22.97,4-4/6,27.5,37.010,有車位
2026-03-10_03-16,新竹市,30,力天建設新竹國賓巨城六年屋齡美兩房,,新竹市東區中華路二段170巷001-049號,東區,1560,55.23,10-10/11,6.1,31.830,有車位/含車位6.300坪
2026-03-10_03-16,新竹市,31,溫馨大三房平車｜稀有大坪數景觀戶｜價好談,,新竹市北區天府路一段501-549號,北區,1033,27.12,9-9/14,17.9,40.410,有車位/含車位7.850坪
2026-03-10_03-16,新竹縣,32,湖口工業區｜東區程加｜首購低總價三房+車位,,新竹縣湖口鄉新生路101-149號,湖口鄉,730,25.33,1-1/5,8.3,24.180,有車位/含車位1.280坪
2026-03-10_03-16,新竹縣,33,竹東星巴克、全聯｜公園前超值透天,,新竹縣竹東鎮博愛街002-050號,竹東鎮,930,20.83,1-2/2,60.7,44.650,無車位
2026-03-10_03-16,新竹市,34,瑞典綠洲兩房平車|高樓層東園培英竹科X計畫2Q9,,新竹市東區東新路102-150號,東區,1950,54.95,9-9/15,5.5,35.490,有車位
2026-03-10_03-16,新竹縣,35,寶山【吉韻】全新二房+平面車位,,新竹縣寶山鄉寶新路一段101-149號,寶山鄉,1500,42.53,3-3/7,0.9,35.270,有車位
2026-03-10_03-16,新竹市,36,百達翡麗百達翡麗四改三 視野遼闊大三房+雙車位,,新竹市香山區經國路三段002-050號,香山區,1988,42.21,8-8/13,18.5,55.130,有車位/含車位15.140坪
2026-03-10_03-16,新竹縣,37,【台科晶品】兩房價買視野三房+雙車位,,新竹縣竹北市福興一路002-050號,竹北市,1850,36.25,6-6/15,15.4,51.030,有車位
2026-03-10_03-16,新竹市,38,雲冠天下平面車位56號,,新竹市東區中央路355巷002-050號,東區,155,0.92,-4--4/13,23.2,5.480,有車位/含車位0.020坪
2026-03-10_03-16,新竹市,39,雲冠天下車位-35號,,新竹市東區中央路355巷002-050號,東區,145,-0.93,-4--4/13,23.2,5.400,有車位/含車位0.020坪
2026-03-10_03-16,新竹市,40,專任護城河美套房,,新竹市北區勝利路002-050號,北區,588.3,42.42,7-7/10,35,13.870,無車位
2026-03-10_03-16,新竹市,41,中華大學美套房,,新竹市香山區至善街37巷002-050號,香山區,168,18.94,3-3/4,28.7,8.870,無車位
2026-03-10_03-16,新竹市,42,竹光運動中心旁愛菲爾高樓景觀三房稀有平面車位,,新竹市北區竹光路351-399號,北區,1168,26.95,10-10/20,30.7,43.340,有車位
2026-03-10_03-16,新竹市,43,專任~學府路八大學區輕鬆首購宅/挑戰全區最低價,,新竹市東區園後街002-050號,東區,1148,20.08,7-7/7,31.6,57.160,有車位
2026-03-10_03-16,新竹市,44,專任－春福藍芽｜景觀次頂樓3房+平車屋況優價可談,,新竹市東區高翠路160巷152-200號,東區,1480,43.88,4-4/5,25.8,39.980,有車位/含車位9.670坪
2026-03-10_03-16,新竹縣,45,屋主認賠！市場最低價『富來新苑』三房平車,,新竹縣湖口鄉德和路10巷052-100號,湖口鄉,1008,25.00,10-10/13,0.8,41.860,有車位/含車位7.540坪
2026-03-10_03-16,新竹市,46,湳雅大全聯大魯閣1+2樓美住店+平面車位,,新竹市北區湳雅街201-249號,北區,1370,31.55,1-2/5,29.3,43.420,有車位
2026-03-10_03-16,新竹縣,47,【專任】工業區．營區．竹九低總價朝南透天,,新竹縣湖口鄉國華街002-050號,湖口鄉,550,17.96,1-3/3,未提供,30.630,無車位
2026-03-10_03-16,新竹市,48,香山自由大道景觀四房平車,,新竹市香山區中華路四段252-300號,香山區,2020,38.33,10-10/12,10.9,58.450,有車位/含車位9.660坪
2026-03-10_03-16,新竹市,49,獨家【瑪奇朵】樹林頭邊間樓中樓2+1室+休旅車位,,新竹市北區東大路二段551-599號,北區,1040,32.79,2-2/9,11.7,29.640,有車位/含車位2.500坪
2026-03-10_03-16,新竹縣,50,【I-Park】高鐵區稀有邊間採光視野戶,,新竹縣竹北市六家五路二段202-250號,竹北市,2330,55.19,8-8/15,16.9,49.220,有車位/含車位9.720坪
2026-03-10_03-16,新竹縣,51,專任-高鐵【好FUN】外棟朝南大套房平車,,新竹縣竹北市隘口六街151-199號,竹北市,1088,45.76,6-6/9,18.3,32.470,有車位/含車位11.970坪
2026-03-10_03-16,新竹縣,52,竹東稀有下公館大面寬店面,,新竹縣竹東鎮中豐路二段201-249號,竹東鎮,1900,30.25,1-3/3,31.9,62.800,無車位
2026-03-10_03-16,新竹縣,53,高鐵大城有德景觀視野雙主臥大4房,,新竹縣竹北市光明六路東二段102-150號,竹北市,4900,66.04,9-9/19,10.4,89.700,有車位/含車位20.050坪
2026-03-10_03-16,新竹縣,54,御花園翻新三房+平車,,新竹縣竹東鎮榮樂街151-199號,竹東鎮,880,20.03,1-1/6,32.8,43.940,有車位
2026-03-10_03-16,新竹市,55,竹科俠客綠意盎然邊間兩室+平車~近園區、清交大,,新竹市東區高翠路051-099號,東區,1027,83.52,5-5/6,19,21.820,有車位/含車位11.320坪
2026-03-10_03-16,新竹市,56,竹科正核心｜下班到家比泡麵還快｜高感度社區別墅,,新竹市東區安康街6巷001-049號,東區,2060,56.12,1-2/2,37.8,36.710,無車位
2026-03-10_03-16,新竹縣,57,台元科技園區AI新創廠辦(一),,新竹縣竹北市惟馨街051-099號,竹北市,6088,36.73,1-1/13,8.7,214.040,有車位/含車位64.630坪
2026-03-10_03-16,新竹市,58,市府黃金地段整棟商辦,,新竹市北區中正路151-199號,北區,16000,16.27,1-11/11,27,983.590,有車位
2026-03-10_03-16,新竹縣,59,竹北新工五路｜四房＋雙平面大車位,,新竹縣竹北市新工五路001-049號,竹北市,1370,41.64,5-5/12,17.9,48.960,有車位/含車位19.660坪
2026-03-10_03-16,新竹縣,60,Sunny Q｜公園宅｜電車友善｜大三房主附27,,新竹縣竹北市新瀧五街001-049號,竹北市,2238,52.23,5-5/15,4.8,50.880,有車位/含車位10.710坪
2026-03-10_03-16,新竹市,61,專任【清大心窩】書香氣息樓中樓,,新竹市東區建功二路002-050號,東區,876,70.87,3-3/6,18.5,12.360,無車位
2026-03-10_03-16,新竹縣,62,專任AI園區旁【公園一號】2房面公園最便宜!,,新竹縣竹北市十興路一段252-300號,竹北市,1630,64.10,5-5/15,7.8,33.530,有車位/含車位10.440坪
2026-03-10_03-16,新竹縣,63,專任竹北AI園區佳泰世紀城高樓視野戶3房平車,,新竹縣竹北市十興路302-350號,竹北市,2150,44.19,15-15/22,7.5,48.650,有車位
2026-05-26_06-01,新竹縣,1,全新高鐵站前【奇磊】聯發科生醫台大大套房平車,寶佳奇磊,新竹縣竹北市高鐵東二路052-100號,竹北市,1920,85.42,4-4/14,3年,29.87,有車位/含車位9.970坪
2026-05-26_06-01,新竹市,2,閑谷莊園生態別墅,,新竹市香山區閑谷二街30巷001-049號,香山區,4320,24.62,1-3/3,14.1年,175.47,有車位
2026-05-26_06-01,新竹縣,3,專任~湖口士林電機旁農+建大院子別墅,,新竹縣湖口鄉三元路二段62巷32弄001-049號,湖口鄉,1650,28.51,1-4/4,13.3年,57.88,無車位
2026-05-26_06-01,新竹縣,4,縣府/光明國小『大任凱悅』視野樓中樓,大任凱悅,新竹縣竹北市縣政七街001-049號,竹北市,647,64.51,5-5/7,20.6年,10.03,無車位
2026-05-26_06-01,新竹縣,5,興時代超美兩房-無限風景收藏品,興築興時代,新竹縣竹北市北新一街001-049號,竹北市,1880,60.6,23-23/24,5.5年,37.45,有車位/含車位8.900坪
2026-05-26_06-01,新竹縣,6,專任【御美學】成功學區．外棟高樓視野美宅,御美學/拾樂,新竹縣竹北市成功八路152-200號,竹北市,2150,49.94,16-16/19,14.5年,46.65,有車位/含車位6.600坪
2026-05-26_06-01,新竹縣,7,新埔【禾建築】超鄰近竹北面寬5.4米臨路別墅,昌禾禾建築甲區,新竹縣新埔鎮文山六街001-049號,新埔鎮,2815,43.39,1-4/4,5.4年,64.87,無車位
2026-05-26_06-01,新竹縣,8,縣三【富宇雙學苑】舒適綠景四房+平面車位,富宇雙學苑,新竹縣竹北市勝利八街一段351-399號,竹北市,3508,70.27,9-9/29,8.1年,55.34,有車位/含車位7.550坪
2026-05-26_06-01,新竹市,9,十里靜安四房高樓,十里靜安,新竹市東區龍山東路252-300號,東區,3950,44.8,15-25/25,13.9年,88.17,有車位
2026-05-26_06-01,新竹市,10,虎林國中臨路傳家賺錢店面｜無土地無保登,,新竹市香山區延平路二段001-049號,香山區,138,17.34,1-1/1,未標明,7.96,無車位
2026-05-26_06-01,新竹市,11,【煙波行館】次頂樓採光非常好，最靜棟別,煙波行館,新竹市北區天府路一段451-499號,北區,920,25.19,13-13/14,18.1年,34.03,有車位/含車位3.470坪
2026-05-26_06-01,新竹市,12,晶鑽一墅恆久遠-世代永流傳,王喬晶鑽NO8,新竹市北區南勢二街27巷001-049號,北區,2835,40.59,1-5/5,8.6年,69.84,有車位
2026-05-26_06-01,新竹縣,13,寶山S6店面 興合力星碩豐韻,豐韻,新竹縣寶山鄉明湖路051-099號,寶山鄉,1800,52.35,1-1/7,0.5年,41.76,有車位/含車位10.240坪
2026-05-26_06-01,新竹縣,14,寬樸無限視野戶大四房,寬樸,新竹縣竹北市縣政二路南段101-149號,竹北市,3900,53.02,5-5/13,13.6年,77.5,有車位/含車位6.770坪
2026-05-26_06-01,新竹縣,15,笠爾富知幸福】綠獅重劃區核心】近竹北×竹科×高鐵,笠爾富知幸福,新竹縣芎林鄉綠獅一街126巷001-049號,芎林鄉,2680,36.2,1-5/5,5.7年,74.04,無車位
2026-05-26_06-01,新竹市,16,低總價香山採光重疊別墅,,新竹市香山區富群街85巷16弄051-099號,香山區,1270,37.04,1-2/2,28.3年,34.29,有車位
2026-05-26_06-01,新竹縣,17,竹科主人NO.1 | 雙站直達．園區菁英首選宅,竹科主人NO1,新竹縣竹東鎮竹中路180巷001-049號,竹東鎮,2388,43.97,3-3/14,9.4年,54.31,有車位
2026-05-26_06-01,新竹市,18,食品路投資首選近體育館假日花市,,新竹市東區食品路001-049號,東區,750,31.85,9-9/9,28.4年,23.55,無車位
2026-05-26_06-01,新竹縣,19,關西高中旁美居景森朝南高樓景觀三房,美居景森,新竹縣關西鎮中山東路002-050號,關西鎮,1270,24.95,13-13/15,8.5年,58.69,有車位/含車位13.800坪
2026-05-26_06-01,新竹市,20,文化中心美套房,,新竹市北區水田街002-050號,北區,313,33.8,6-6/6,34.5年,9.26,無車位
2026-05-26_06-01,新竹市,21,寶睿博苑視野戶2+1房平車鼎天美宅,寶睿博苑,新竹市東區介壽一路66巷002-050號,東區,2688,59.87,20-20/20,2.9年,44.9,有車位
2026-05-26_06-01,新竹縣,22,新湖有約｜飯店式管理挑高美套房,新湖有約,新竹縣湖口鄉中山路一段102-150號,湖口鄉,360,30.13,5-5/6,19.3年,11.95,無車位
2026-05-26_06-01,新竹市,23,【專】大庄香北全聯商圈|超值大地坪透天,,新竹市香山區美森街051-099號,香山區,870,29.84,1-2/2,50.4年,29.16,無車位
2026-05-26_06-01,新竹市,24,專任新竹大遠百精華區穩賺黃金店面,,新竹市北區城北街002-050號,北區,1999,57.81,1-2/2,未標明,34.58,無車位
2026-05-26_06-01,新竹市,25,[八大學區]1房1廳學區宅 超低總價,,新竹市東區園後街89巷3弄002-050號,東區,500,25.91,4-4/5,41.6年,19.3,無車位
2026-05-26_06-01,新竹市,26,鴻柏鴻上｜全新大坪數3+1房平車,鴻柏鴻上,新竹市東區民族路202-250號,東區,3610,80.41,8-8/12,0.8年,50.6,有車位/含車位7.570坪
2026-05-26_06-01,新竹縣,27,專任【大硯五五侘】朝南面文興綠園道無限視野+3車,大硯五五侘,新竹縣竹北市成功十一街052-100號,竹北市,5500,76.05,11-11/12,9.6年,89.88,有車位/含車位23.480坪
2026-05-26_06-01,新竹市,28,專任近園區超值低總價三房平車首購宅,新銳天廈,新竹市東區光復路一段30巷1弄001-049號,東區,990,28.46,3-3/6,32.8年,34.78,有車位
2026-05-26_06-01,新竹市,29,宏道新竹帝寶9-1區 新竹市門牌透天別墅,新竹帝寶9區1號C棟,新竹市香山區華德福街,香山區,4394,57.85,1-2/2,未標明,75.95,有車位
2026-05-26_06-01,新竹市,30,大潤發三房車位首購首選,,新竹市北區國華街72巷001-049號,北區,950,28.13,3-3/6,32.1年,33.77,有車位
2026-05-26_06-01,新竹縣,31,【專任】湖口工業區青年守則-低總價外棟3房+平車,青年守則,新竹縣湖口鄉汀州街73巷001-049號,湖口鄉,750,21.71,3-3/5,21.4年,34.55,有車位
2026-05-26_06-01,新竹縣,32,成家不必壓力大~科學巨星美3房+車位,科學巨星,新竹縣竹東鎮三重路002-050號,竹東鎮,820,29.36,7-7/10,33.9年,27.93,有車位
2026-05-26_06-01,新竹市,33,光華國中大3房+平車,,新竹市北區湳雅街147巷16弄001-049號,北區,900,18.66,3-3/5,35.1年,48.23,有車位
2026-05-26_06-01,新竹市,34,湳雅大魯閣武陵天廈大四房B1平車大平臺,武陵天廈,新竹市北區武陵路252-300號,北區,1535,25.9,4-4/14,29.8年,59.26,有車位
2026-05-26_06-01,新竹市,35,關埔特區｜竹科悅揚｜質感裝潢三房B2平車,竹科悅揚,新竹市東區慈濟路151-199號,東區,2730,66.4,8-8/24,5.4年,47.19,有車位/含車位8.330坪
2026-05-26_06-01,新竹縣,36,湖口中美城｜王爺壟旁三房『室內』一樓平面車位,中美城,新竹縣湖口鄉中正路三段26巷25弄001-049號,湖口鄉,1020,24.14,5-5/9,6.1年,38.67,有車位/含車位2.630坪
2026-05-26_06-01,新竹縣,37,湖口吳厝重劃區全新大面寬四房雙車透天A1,旭昇璞石2,新竹縣湖口鄉信昌七街001-049號,湖口鄉,2300,30.91,1-4/4,0.5年,74.42,無車位
2026-05-26_06-01,新竹市,38,金雅【鴻柏織光】沐浴日光下的質感3房平車,鴻柏織光,新竹市北區金雅路101-149號,北區,1950,54.55,7-7/15,6.1年,43.6,有車位/含車位10.600坪
2026-05-26_06-01,新竹縣,39,近68~全新整理附裝潢低總價大三房,,新竹縣竹東鎮長春路三段301-349號,竹東鎮,520,15.4,2-2/5,未標明,33.76,無車位
2026-05-26_06-01,新竹市,40,專任港南國小大面寬大地坪透天,,新竹市香山區延平路二段738巷27弄002-050號,香山區,782,28.53,1-2/2,44.6年,27.41,無車位
2026-05-26_06-01,新竹縣,41,竹仁街台元科技大套房,科技雅筑,新竹縣竹北市竹仁街002-050號,竹北市,340,31.19,7-7/7,24年,10.9,無車位
2026-05-26_06-01,新竹市,42,巨城湳雅生活圈｜大3房雙平車理想居所｜光華琚,光華琚,新竹市北區光華東一街002-050號,北區,2938,38.98,4-4/10,6.8年,75.38,有車位
2026-05-26_06-01,新竹縣,43,星都心|高樓層無西曬動線佳 設計感四室+柱邊平車,星都心,新竹縣竹東鎮光明路126巷5弄001-049號,竹東鎮,1900,39.87,10-10/14,7.3年,52.35,有車位/含車位8.460坪
2026-05-26_06-01,新竹縣,44,星碩豐韻｜次頂樓全新平車三房《鄰近竹科超優新案》,豐韻,新竹縣寶山鄉明湖路051-099號,寶山鄉,1750,50.13,6-6/7,0.5年,42.16,有車位/含車位10.240坪
2026-05-26_06-01,新竹縣,45,近竹科國雄世紀願景前院停車雙車位別墅稀有釋出,國雄世紀願景/天翠,新竹縣寶山鄉大坪一路001-049號,寶山鄉,2238,36.47,1-4/4,15.4年,61.37,有車位
2026-05-26_06-01,新竹市,46,專任 近花市 八大學區首選低總價三房,,新竹市東區園後街002-050號,東區,1100,19.24,7-7/7,31.8年,57.16,有車位
2026-05-26_06-01,新竹縣,47,【盛竑築硯】王爺壟朝南大三房平車美大樓,盛竑築硯,新竹縣湖口鄉達生八街051-099號,湖口鄉,1470,33.58,5-5/13,1.4年,47.4,有車位/含車位8.090坪
2026-05-26_06-01,新竹縣,48,椰林大道稀有高樓視野戶3+1房 雙平車,椰林大道,新竹縣竹北市嘉豐南路二段152-200號,竹北市,3980,52.19,9-9/12,18.6年,76.26,有車位
2026-05-26_06-01,新竹縣,49,【豐邑 Ipark】三房雙車綠園道景觀戶,豐邑i-Park,新竹縣竹北市六家五路二段202-250號,竹北市,2446,52.87,10-10/15,17.1年,60.02,有車位/含車位19.430坪
2026-05-26_06-01,新竹縣,50,超便宜竹北 華盛頓兩房,竹北華盛頓,新竹縣竹北市中華路302-350號,竹北市,510,21.47,7-7/13,29.9年,23.75,無車位
2026-05-26_06-01,新竹縣,51,富宇君天下｜高樓景觀次頂樓大三房＋雙車位,富宇高鐵棧/君天下/樂在MY HOUSE,新竹縣竹北市東興路一段352-400號,竹北市,3288,65.42,13-13/14,10年,63.07,有車位/含車位17.400坪
2026-05-26_06-01,新竹縣,52,墨韻千秋【大有可為】學區宅視野大四房平車,大有可為,新竹縣竹北市勝利二路102-150號,竹北市,2868,46.95,16-16/21,22.1年,61.09,有車位
2026-05-26_06-01,新竹縣,53,專任高鐵澄水硯四房雙主臥雙車視野戶,澄水硯,新竹縣竹北市嘉豐六路二段001-049號,竹北市,3739,58.88,13-13/15,13.8年,77.57,有車位/含車位19.120坪
2026-05-26_06-01,新竹市,54,市區三房,,新竹市北區世界街112巷002-050號,北區,2100,42.25,7-7/7,36.4年,49.7,有車位
2026-05-26_06-01,新竹縣,55,中華路透天,,新竹縣竹北市中華路126巷3弄002-050號,竹北市,980,31.16,1-2/2,50.1年,31.45,無車位
2026-05-26_06-01,新竹市,56,專任藝境滿滿帶財二房室內平面車位,,新竹市東區柴橋路,東區,1152,36.97,4-4/6,未標明,35.49,有車位/含車位8.390坪
2026-05-26_06-01,新竹市,57,金山商圈｜米蘭經典｜高坪效舒適採光三房,金山米蘭經典,新竹市東區金山二十街001-049號,東區,2100,39.77,8-8/10,22.6年,52.8,有車位
2026-05-26_06-01,新竹縣,58,專任｜日光御墅竹北旁百萬匠心裝潢•高坪效超值透天,日光御墅8期,新竹縣新埔鎮文山路犁頭山段632巷002-050號,新埔鎮,2900,42.77,1-5/5,5.5年,67.8,有車位
2026-05-26_06-01,新竹縣,59,湖口鐵騎路輕屋齡透天有天有地生活便利,幸福臨門,新竹縣湖口鄉鐵騎路186巷001-049號,湖口鄉,1200,30.12,1-3/3,10.8年,39.84,有車位
2026-05-26_06-01,新竹縣,60,獨家/湖口理享城/社區唯一精緻裝潢/三房柱邊平車,弘峻理享城,新竹縣湖口鄉德和路10巷051-099號,湖口鄉,1120,25.83,6-6/11,1.2年,44.34,有車位/含車位6.790坪
2026-05-26_06-01,新竹縣,61,【專】竹東東方神起大展鴻圖|超大三房|合法樓中樓,東方新都三期,新竹縣竹東鎮光武街051-099號,竹東鎮,560,12.52,1-2/9,30.1年,44.72,無車位
2026-05-26_06-01,新竹市,62,專任.超大兩房.可住可工作室,正群麗園大廈,新竹市東區林森路151-199號,東區,820,26.76,8-8/12,36.4年,30.64,無車位
2026-05-26_06-01,新竹縣,63,"專任-竹東質感社區型透天,雙車位",觀日,新竹縣竹東鎮至善路186巷001-049號,竹東鎮,1380,21.7,1-4/4,20.7年,63.58,有車位
2026-05-26_06-01,新竹市,64,晴空匯4房平車高樓層景觀戶,豐邑晴空匯,新竹市東區慈雲路101-149號,東區,3410,53.01,19-19/28,11.5年,70.54,有車位/含車位9.040坪
2026-05-26_06-01,新竹市,65,新竹市｜牡丹凰居．景觀戶採光大三房｜B2連號平車,牡丹凰居凰居區,新竹市北區經國路二段218巷002-050號,北區,3080,48.67,15-15/15,12.1年,74.64,有車位/含車位17.530坪
2026-05-26_06-01,新竹縣,66,成功學區【時上S】美式風格美美採光三房平車,時上S,新竹縣竹北市科大二街001-049號,竹北市,2312,58.06,4-4/14,11.9年,46.24,有車位/含車位9.000坪
2026-05-26_06-01,新竹縣,67,獨家~二房價來住透天｜明新重劃區旁｜優質透天厝,,新竹縣新豐鄉坪頂一街95巷001-049號,新豐鄉,1690,29.94,1-4/4,14.1年,56.45,有車位
2026-05-26_06-01,新竹縣,68,竹益OL次頂樓辦公室格局方正含車位,竹益OL,新竹縣竹北市成功十三街002-050號,竹北市,1468,43.09,9-9/10,11年,41.67,有車位/含車位11.080坪
2026-05-26_06-01,新竹市,69,大降價超香~超稀有大魯閣雙面臨路透店,,新竹市北區光華南街101-149號,北區,3000,37.65,1-4/4,37.5年,79.68,無車位
2026-05-26_06-01,新竹縣,70,富宇東方之星｜高樓視野｜質感美三房雙車,東方之星,新竹縣竹北市嘉興二街001-049號,竹北市,2750,55.68,12-12/14,10.8年,61.01,有車位/含車位17.010坪
2026-05-26_06-01,新竹縣,71,中正大樓｜景觀邊間平車大三房《近台元、昌益園區》,縣府中正大樓,新竹縣竹北市中正東路371巷001-049號,竹北市,1468,26.73,8-8/12,28.5年,54.91,有車位
2026-05-26_06-01,新竹市,72,大鵬新城國宅超美大三房～柱邊大平車,大鵬新城國宅,新竹市北區凌雲街102-150號,北區,1850,32.8,9-9/13,17.2年,56.4,有車位
2026-05-26_06-01,新竹縣,73,全新落成~低總價近園區 朝南豐韻2+1房平車,豐韻,新竹縣寶山鄉明湖路051-099號,寶山鄉,1360,43.46,3-3/7,0.5年,38.08,有車位/含車位10.240坪
2026-05-26_06-01,新竹縣,74,椰林閱建築外棟三房平車,閱建築,新竹縣竹北市十興路二段002-050號,竹北市,2780,71.27,6-6/13,1.6年,47.3,有車位/含車位10.400坪
2026-05-26_06-01,新竹縣,75,紐約首購美兩房+車位,紐約紐約,新竹縣竹北市隘口六街001-049號,竹北市,1098,60.1,4-4/9,18年,18.27,有車位
2026-05-26_06-01,新竹市,76,稀有好市多商圈．文心匯．三房配平車釋出,文心匯,新竹市東區慈雲路052-100號,東區,2740,61.64,15-15/29,7.1年,52.02,有車位/含車位10.000坪
2026-05-26_06-01,新竹市,77,稀有出售~落雨松第一排『竹科潤隆』三房+平面車位,竹科潤隆,新竹市東區埔頂三路002-050號,東區,2300,58.92,5-5/29,3年,45.23,有車位/含車位8.740坪
2026-05-26_06-01,新竹市,78,東區新莊車站豐邑一綻全新三房平車,豐邑一綻,新竹市東區關新路202-250號,東區,2900,75.9,13-13/24,1.4年,46.44,有車位/含車位10.210坪
2026-05-26_06-01,新竹市,79,巨城商圈｜離塵不離城錦華街靜謐透天社區,,新竹市東區錦華街60巷1弄002-050號,東區,3588,47.42,1-5/5,20年,75.66,有車位
2026-05-26_06-01,新竹縣,80,新埔｜水汴頭大地坪金透店《近田新重劃區往竹北近》,,新竹縣新埔鎮新關路五埔段152-200號,新埔鎮,610,18.22,1-4/4,未標明,33.48,無車位
2026-05-26_06-01,新竹市,81,專任｜南清大稀有角間透天｜面寬8米3獨立車庫,,新竹市東區南大路634巷42弄002-050號,東區,1660,41.85,1-2/2,44.5年,39.67,有車位
2026-05-26_06-01,新竹市,82,雲冠天下平面車位-159號,雲冠天下,新竹市東區中央路355巷002-050號,東區,200,9.16,-2--2/13,23.4年,5.48,有車位/含車位0.020坪
2026-05-26_06-01,新竹縣,83,新豐首馥，公園首排，崗石豪墅，前庭雙車透天,首馥,新竹縣新豐鄉坪頂三街8巷001-049號,新豐鄉,1842,26.57,1-4/4,11.7年,69.33,無車位
2026-05-26_06-01,新竹縣,84,竹北【人文天尊】百坪電梯別墅雙車位,人文天尊,新竹縣竹北市新民街176巷002-050號,竹北市,3850,38.41,1-5/5,13.2年,100.24,無車位
2026-06-02_06-08,新竹市,1,湳雅商圈超值明亮三房華廈,,新竹市北區田美三街,北區,435,24.4,6-6/7,31.5年,17.830,無車位
2026-06-02_06-08,新竹市,2,遠百大坪數一層一戶四面採光四房美寓,,新竹市北區興南街25巷2弄,北區,720,18.85,5-5/5,40.3年,38.190,無車位
2026-06-02_06-08,新竹市,3,昌益蒂芬妮遠百旁無限視野美裝潢樓中樓,,新竹市北區中山路,北區,660,52.55,10-10/10,19年,12.560,無車位
2026-06-02_06-08,新竹縣,4,近二重埔國小學區大地坪優質成家透天,,新竹縣竹東鎮中興路三段252巷,竹東鎮,635,11.42,1-3/3,47.4年,55.610,無車位
2026-06-02_06-08,新竹市,5,中山春｜低總價首購三房美寓《近清大南院好地段》,,新竹市北區成德路,北區,525,15.32,4-4/5,35.1年,34.280,無車位
2026-06-02_06-08,新竹市,6,金山街前段商圈優質投資收租滿租四套房,,新竹市東區金山五街,東區,1500,51.53,5-5/5,7.3年,29.110,無車位
2026-06-02_06-08,新竹縣,7,竹北溪州｜董事長 百萬電梯農舍｜近華興 中正西路,,新竹縣竹北市溪州路295巷,竹北市,5700,53.72,1-3/3,14.6年,106.110,無車位
2026-06-02_06-08,新竹市,8,離城不離市｜未來21｜景觀大3房+平車,,新竹市香山區牛埔東路,香山區,1450,35.85,9-9/15,18.4年,46.160,有車位/含車位9.900坪
2026-06-02_06-08,新竹縣,9,遠雄鉑悅 | 高鐵特區科技新貴首選小豪宅,,新竹縣竹北市嘉豐北路,竹北市,1358,69.93,3-3/23,6.7年,19.420,無車位
2026-06-02_06-08,新竹縣,10,專任縣三『禾美』美裝璜衛浴對外窗大2房平車,,新竹縣竹北市嘉興三街,竹北市,1785,53.1,11-11/14,9年,41.050,有車位/含車位10.260坪
2026-06-02_06-08,新竹縣,11,雙溪美透天,,新竹縣寶山鄉雙園路二段425巷,寶山鄉,1050,17.02,-1-3/3,36.2年,61.690,無車位
2026-06-02_06-08,新竹市,12,A區荷蘭村｜3房,,新竹市北區武陵路,北區,1330,38.11,18-22/22,26.1年,34.900,無車位
2026-06-02_06-08,新竹縣,13,急售!光明商圈次頂樓樓中樓四房,,新竹縣竹北市縣政十街,竹北市,985,45.86,7-7/8,31.4年,21.480,無車位
2026-06-02_06-08,新竹縣,14,王爺壟築硯／A棟次高樓景觀戶／全新大２房２衛／,,新竹縣湖口鄉達生八街,湖口鄉,1198,31.74,12-12/13,1.4年,37.740,有車位
2026-06-02_06-08,新竹市,15,【專】三民學區|麗法苑首購低自備二房|巨城商圈,,新竹市東區經國路一段398巷1弄,東區,638,28.8,4-4/8,,22.150,無車位
2026-06-02_06-08,新竹縣,16,近竹科【有謙家園】大地坪4房雙車庫美別墅,,新竹縣寶山鄉寶山路二段299巷2弄,寶山鄉,1888,27.69,1-4/4,1.2年,68.180,有車位
2026-06-02_06-08,新竹縣,17,屋況優「科大賀」高樓採光三房平車,,新竹縣竹北市科大一路,竹北市,2880,58.0,10-10/14,14.8年,55.780,有車位/含車位8.710坪
2026-06-02_06-08,新竹市,18,專任/東大樹林頭大面寬透天/邊間採光佳,,新竹市北區東大路二段742巷1弄,北區,800,25.45,1-2/2,45.8年,31.430,無車位
2026-06-02_06-08,新竹市,19,<擇鄰>精品三房+車位,,新竹市香山區中華路五段648巷,香山區,930,25.3,3-3/8,8.5年,36.760,有車位
2026-06-02_06-08,新竹市,20,【武陵天廈】採光超好大三房! 1分鐘上快速道路!,,新竹市北區武陵路,北區,1250,28.22,14-14/14,29.8年,44.290,有車位
2026-06-02_06-08,新竹縣,21,專任~新豐忠信街便宜農舍,,新竹縣新豐鄉忠信街,新豐鄉,565,32.01,1-1/1,37.7年,17.650,無車位
2026-06-02_06-08,新竹縣,22,遠百商圈~德鑫MOMA~視野美四房雙主臥+雙平車,,新竹縣竹北市光明六路東一段,竹北市,4128,57.9,9-9/23,14.3年,80.010,有車位/含車位11.310坪
2026-06-02_06-08,新竹縣,23,高峰匯,,新竹縣竹北市莊敬北路,竹北市,3550,63.92,15-15/29,6.3年,71.620,有車位/含車位18.430坪
2026-06-02_06-08,新竹市,24,西門國小華廈/北新公園第一排【屋況升級囉】,,新竹市北區北新街,北區,700,30.49,7-7/7,31.9年,22.960,有車位
2026-06-02_06-08,新竹縣,25,專-光明商圈四八行館挑高魔術大空間投資自用兩相宜,,新竹縣竹北市文采街,竹北市,530,61.34,4-4/5,18.5年,8.640,無車位
2026-06-02_06-08,新竹縣,26,二重埔環宇市「住宅」大4房平車｜近工研院,,新竹縣竹東鎮光明路126巷65弄,竹東鎮,2200,40.35,11-11/14,10.9年,59.890,有車位/含車位9.090坪
2026-06-02_06-08,新竹縣,27,專任縣三富宇天空樹公園視野2+1房平車,,新竹縣竹北市十興路一段,竹北市,2930,52.86,6-6/21,7.6年,55.430,有車位
2026-06-02_06-08,新竹市,28,西濱｜旭盛傳家｜臨路質感透店 (A),,新竹市北區西濱路一段,北區,1270,35.87,1-4/4,7.7年,35.410,無車位
2026-06-02_06-08,新竹市,29,經國綠家園｜全新裝潢電梯美兩房《三民巨城商圈！》,,新竹市北區經國路一段315巷4弄,北區,738,42.0,3-3/5,34年,17.570,無車位
2026-06-02_06-08,新竹縣,30,『仁發藏綠』山景田園一卡皮箱入住裝潢美宅,,新竹縣竹北市十興五街,竹北市,2900,63.58,7-7/14,12.3年,52.950,有車位/含車位9.700坪
2026-06-02_06-08,新竹縣,31,高鐵區【澄水硯】四房高樓邊間採光子母車位,,新竹縣竹北市嘉豐六路二段,竹北市,3220,60.88,14-14/15,13.8年,59.990,有車位/含車位9.560坪
2026-06-02_06-08,新竹縣,32,蘋果學苑｜典藏邊間平車大四房《鄰近台元科技園區》,,新竹縣竹北市文化街16巷,竹北市,1775,37.18,4-4/13,21年,53.060,有車位/含車位9.350坪
2026-06-02_06-08,新竹市,33,興傳兩房高樓層採光視野佳,,新竹市北區北大路,北區,2180,64.38,23-23/27,7.8年,40.520,有車位/含車位8.990坪
2026-06-02_06-08,新竹縣,34,獨家代理~近園區【星都匯】面中庭超值二室平面車位,,新竹縣竹東鎮旭光一路,竹東鎮,1315,48.08,4-4/14,2.7年,34.060,有車位/含車位9.830坪
2026-06-02_06-08,新竹市,35,竹南園區低總價電梯二房,,新竹市香山區中華路六段799巷8弄,香山區,440,15.75,2-2/11,29年,27.930,無車位
2026-06-02_06-08,新竹市,36,八大學區.麗池公園.昌益<回建築>透天金店面 A,,新竹市東區南大路,東區,3050,46.07,1-3/3,12年,66.200,無車位
2026-06-02_06-08,新竹市,37,專任！孟竹三樓好屋況三房,,新竹市東區建功一路51巷,東區,980,42.68,3-3/5,43年,22.960,無車位
2026-06-02_06-08,新竹市,38,王喬雙橡園｜無限視野雙平車四房《稀有絕版釋出！》,,新竹市香山區頂埔路,香山區,2835,59.64,9-9/13,2年,63.060,有車位/含車位18.040坪
2026-06-02_06-08,新竹縣,39,專任─下公館活巷邊間美透天,,新竹縣竹東鎮安東路45巷,竹東鎮,870,33.32,1-4/4,48.7年,26.110,無車位
2026-06-02_06-08,新竹縣,40,【雙溪國小】首購竹科｜稀有低總價｜三房含平車,,新竹縣寶山鄉雙豐路,寶山鄉,712,21.21,2-2/5,34.6年,33.570,有車位
2026-06-02_06-08,新竹市,41,巨城芙洛麗店面,,新竹市東區民族路,東區,3130,34.66,-1-3/3,48.3年,90.300,無車位
2026-06-02_06-08,新竹市,42,西門國小旁｜延平路整新電梯透天,,新竹市北區延平路一段138巷,北區,1750,52.57,1-4/4,50.2年,33.290,無車位
2026-06-02_06-08,新竹縣,43,專任-竹北站前博愛街金雞母8投套,,新竹縣竹北市博愛街473巷17弄,竹北市,850,25.38,1-2/2,,33.490,無車位
2026-06-02_06-08,新竹縣,44,專任湖口青年守則採光三房,,新竹縣湖口鄉汀州街73巷,湖口鄉,680,21.79,6-6/6,21.5年,31.210,無車位
2026-06-02_06-08,新竹市,45,近竹科園區~18間電梯投套,,新竹市東區高翠路327巷2弄,東區,3250,26.81,1-4/4,18.5年,121.230,無車位
2026-06-02_06-08,新竹市,46,南勢延平景觀田型透天(現況2米路),,新竹市北區延平路一段357巷28弄,北區,980,24.17,1-2/2,45.7年,40.550,無車位
2026-06-02_06-08,新竹市,47,光埔重劃區/富春居朝南戶+平面車位,,新竹市東區埔頂一路,東區,1530,70.88,6-6/21,6.1年,32.540,有車位/含車位13.070坪
2026-06-02_06-08,新竹市,48,近園區 金山社區米蘭經典採光明亮三房+平車,,新竹市東區金山二十街,東區,1838,36.26,3-3/10,22.6年,50.690,有車位
2026-06-02_06-08,新竹縣,49,夏木漱石歐式邊間別墅,,新竹縣竹東鎮中興路一段58巷2弄,竹東鎮,1350,15.15,1-4/4,25.7年,89.130,有車位
2026-06-02_06-08,新竹縣,50,嘉年華~超值車庫透天,,新竹縣竹東鎮生產街78巷,竹東鎮,936,18.78,1-4/4,28.7年,49.840,無車位
2026-06-02_06-08,新竹市,51,專任巨城三民昌益綠光大坪數景觀大樓雙車位,,新竹市東區鐵道路一段28巷,東區,3038,50.67,5-5/14,14.9年,64.080,有車位/含車位10.050坪
2026-06-02_06-08,新竹市,52,水漾經國穩定收租小資樓中樓美套房,,新竹市北區經國路二段195巷,北區,396,26.12,5-5/7,13.1年,15.160,無車位
2026-06-02_06-08,新竹市,53,北區興傳高樓視野百萬美裝潢大三房,,新竹市北區北大路,北區,2788,57.57,19-19/27,7.8年,54.810,有車位/含車位8.990坪
2026-06-02_06-08,新竹縣,54,專任高鐵優創客兩房平面車位雙衛浴,,新竹縣竹北市日興一街,竹北市,1958,61.23,12-12/12,3.9年,40.820,有車位/含車位11.290坪
2026-06-02_06-08,新竹市,55,盛峰厝內｜大庄景觀平車三改大二房《雙衛浴皆開窗》,,新竹市香山區中華路五段323巷,香山區,1080,38.05,4-4/5,4.1年,28.380,有車位
2026-06-02_06-08,新竹縣,56,雲端四房雙車,,新竹縣竹北市興隆路一段,竹北市,2350,42.12,5-5/14,14.8年,69.540,有車位/含車位20.880坪
2026-06-02_06-08,新竹縣,57,近竹北遠百、喜來登、享平方 鼎風硯四房雙車位,,新竹縣竹北市嘉興一街,竹北市,3200,50.88,3-3/15,2.3年,62.890,有車位
2026-06-02_06-08,新竹縣,58,專任公園涵靜No.2首購三房近湖口車站,,新竹縣湖口鄉龍江街,湖口鄉,750,25.96,2-2/5,6.6年,28.890,無車位
2026-06-02_06-08,新竹市,59,椰城前後採光三改二大平面車位視野美屋,,新竹市東區光復路一段89巷,東區,1488,36.61,8-8/14,27.4年,40.640,有車位
2026-06-02_06-08,新竹縣,60,竹北華興｜甜恬圈．日系無印風質感大兩房平車,,新竹縣竹北市華興三街,竹北市,1650,51.62,4-4/14,5.8年,37.370,有車位/含車位8.310坪
2026-06-02_06-08,新竹縣,61,降價-光明商圈AI園區 品CASA大三房平車,,新竹縣竹北市文孝街,竹北市,2190,45.89,6-6/7,14.2年,47.720,有車位
